-2271.6, -2248.12, -2201.42, -2359.66, -2204.74, -2377.8, -2231.82, -2263.5, -2184.74, -2366.26, 
-3581.04, -3486.2, -3357.98, -3539.22, -3445.44, -3526.32, -3482.4, -3551.1, -3368.02, -3610.74, 
-4409.98, -4167.78, -4046.52, -4241.84, -4143.22, -4229.82, -3934.58, -4325.46, -3986.4, -4351.54, 
-4682.14, -4691.94, -4389.16, -4580.3, -4612.6, -4674.48, -4461.4, -4806.66, -4577.48, -4721.9, 
-4919.68, -5048.4, -4697.26, -4766.44, -4889, -4872.24, -4940.8, -5006.72, -4834.66, -4936, 
-5067.86, -5128.44, -5075.26, -4946.78, -4861.58, -5037.22, -5035.48, -5158.18, -5091.98, -5028.76, 
-5183.68, -5095.2, -5234.76, -5240.2, -5233.52, -5164.36, -5108.02, -5291.3, -5204.5, -5108.78, 
-5163.9, -5253.54, -5227.04, -5279.08, -5241.32, -5295.92, -5143.78, -5359.3, -5330.24, -5179.6, 
-5304.6, -5388.38, -5248.66, -5396.3, -5386.12, -5491.06, -5362.34, -5437.54, -5303.9, -5117.7, 
-5203.4, -5395.78, -5352.24, -5461.32, -5306, -5368.74, -5334.34, -5451.56, -5376.78, -5240.32, 
-5316.56, -5439, -5433.88, -5445.18, -5393.44, -5554.62, -5480.6, -5475.86, -5284.26, -5401.5, 
-5252.26, -5563.82, -5637.22, -5461.04, -5522.36, -5566.7, -5471.34, -5646.74, -5442.8, -5468.12, 
-5471.72, -5441.82, -5498.46, -5636.42, -5599.98, -5584.66, -5522.42, -5657.7, -5497.38, -5492.96, 
-5632.86, -5514.54, -5595.76, -5746.44, -5631.78, -5705.76, -5387.42, -5724.98, -5645.32, -5499.4, 
-5546.48, -5553.98, -5613.32, -5703.78, -5550.3, -5684.64, -5511.04, -5701.5, -5638.12, -5553.32, 
-5519.18, -5515.62, -5544, -5649.5, -5631.64, -5690.36, -5571.84, -5776.72, -5663.14, -5552.98, 
-5630.38, -5616.58, -5548.06, -5773.6, -5555.18, -5774.96, -5545.72, -5740.48, -5760.1, -5553.24, 
-5679.92, -5552.18, -5830.88, -5870.82, -5653.72, -5744.58, -5684.26, -5780.3, -5698.78, -5749.42, 
-5626.02, -5626.06, -5791.28, -5687.68, -5637.92, -5873.12, -5710.5, -5780.36, -5681.52, -5610.54, 
-5773.82, -5647.84, -5735.72, -5682.62, -5558.1, -5803.22, -5700.78, -5738.48, -5757.74, -5676.42, 
-5797.46, -5717.04, -5886.54, -5698.98, -5524.76, -5855.48, -5831.94, -5853.94, -5748.2, -5682.18, 
-5910.32, -5780.8, -5829.36, -5725.86, -5706.36, -5976.16, -5878.68, -5796.58, -5734.34, -5742.4, 
-5741.44, -5712.9, -5874.44, -5794.12, -5728.6, -6053.4, -5909.28, -5973.2, -5848.64, -5683.54, 
-5945.44, -5857, -5753.44, -5880.74, -5725.74, -5830.44, -5813.26, -5884.32, -5952.86, -5740.28, 
-5734.46, -5990.92, -5950.52, -5738.8, -5778.34, -5845.72, -5912.12, -5860.82, -6169.42, -5889.9, 
-5861.96, -5886.34, -6023.72, -5747.6, -5696.7, -5899.98, -6091.7, -5983.26, -6106.24, -5871.96, 
-5846.98, -5993.64, -5897.92, -5814.1, -5642.06, -6038.22, -5955.62, -6041.3, -5943.8, -5926.1, 
-5978.44, -5969.82, -6039.3, -5766.92, -5708.16, -6102.78, -5898.84, -6117.22, -5891.64, -5908.68, 
-5986.2, -5931.34, -6136.6, -5657.44, -5813.62, -6002.86, -5865.52, -5997.74, -5926.28, -5911.36, 
-6031.18, -5889.48, -5950.98, -5902.3, -5840.02, -5800, -5987.76, -5992.8, -5982.26, -5941.08, 
-6102.54, -5908.62, -5915.38, -5906.76, -5985.9, -5894.98, -5955.34, -5987.2, -5918.58, -6125.06, 
-6170.16, -5855.04, -6011.76, -5904.7, -5969.88, -5965.44, -5992.4, -6104.16, -5902.46, -5932.84, 
-6081.42, -5899.98, -6159.48, -5900.18, -6032.24, -5857.26, -5816.32, -6062.32, -5876.34, -5964.86, 
-6156.64, -5921.46, -6118.2, -6111.98, -6112.96, -5893.76, -5880.24, -5981.4, -5792.56, -5996.68, 
-6182.74, -5958.44, -6184.16, -6013.48, -6125.28, -5818.04, -6067.5, -5925.52, -6007.46, -5873.24, 
-6248.4, -5954.48, -6137.46, -5951.7, -6129.6, -5983.56, -6256.02, -5910.26, -6006.06, -5980.28, 
-6139.56, -5937.2, -6095.12, -6139.94, -6085.62, -6025.82, -6200.2, -6028.76, -5952.74, -5897.34, 
-6137.26, -6044.04, -6188.52, -6091.18, -6039.44, -6000.08, -6352.74, -5974.82, -5935.46, -6010.28, 
-6209.28, -6107, -6095.86, -6297.02, -6058.52, -5964.64, -6161.56, -6000.42, -6066.08, -5884.44, 
-6278.16, -6081.02, -6075.72, -6328.66, -6230.14, -6050.82, -6243.48, -6074.5, -5961.2, -6050.52, 
-6220.88, -6211.56, -6191.96, -6179.74, -6195.6, -5984.92, -6293.98, -6194.54, -6004.52, -6017.38, 
-6143.78, -6002.06, -6231.38, -6161.16, -6167.18, -5970.26, -6207.72, -6156.38, -5930.88, -6112.34, 
-6153.68, -6125.8, -6170.3, -6109.28, -6123.3, -6120.62, -6227.96, -6268.58, -6045.78, -5982.8, 
-6310.9, -6134.14, -6161.34, -6142.56, -6299.02, -6266.86, -6274.72, -6262.06, -6053.26, -6126.14, 
-6371.28, -6109.62, -6051.72, -6094.34, -6349.88, -6155.72, -6532.04, -6138.12, -5968.28, -6181.08, 
-6330.14, -5972.5, -6084.74, -6183.8, -6334.1, -6231.82, -6485.56, -6148.34, -5944.86, -6127.64, 
-6289.62, -5946.42, -6096.24, -6073.26, -6298.22, -6077.36, -6369.86, -6340.56, -5968.2, -6109, 
-6237.08, -6126.64, -6212.6, -6193.9, -6196.24, -5911.5, -6370.76, -6182.82, -5999.24, -6142.78, 
-6048.44, -6163.8, -6267.52, -6211.4, -6208.06, -6086.18, -6234.16, -6127.84, -6039.44, -6165.72, 
-6045.42, -6114.46, -6243.5, -6204.94, -6174.6, -6079.94, -6303.2, -6265.08, -6097.84, -6136.92, 
-6161.92, -6158.56, -6305.88, -6206.4, -6283.12, -6018.34, -6147.76, -6332.72, -6238.7, -6286.74, 
-6148.34, -6119.62, -6502.3, -6276.08, -6312.96, -5981.72, -6087.84, -6331.92, -6105.92, -6397.92, 
-6150.48, -6115.98, -6422.98, -6242.44, -6394.2, -5919, -6232.12, -6383.12, -6052.2, -6445.72, 
-6130.8, -6121.88, -6385.82, -6367.52, -6345.66, -6067.22, -6267.42, -6274.68, -6220.12, -6355.62, 
-6067.58, -6156.28, -6244.44, -6343.22, -6245.52, -6174.1, -6279.38, -6291.62, -6204.88, -6309.12, 
-6134.9, -6113.36, -6108.84, -6286.84, -6272.14, -6133.36, -6126.18, -6247.06, -6047.98, -6116.22, 
-6137.66, -6256.46, -6105.34, -6132.46, -6199.06, -6070.94, -6146.6, -6213.36, -6201.88, -6096.46, 
-6021.64, -6183.22, -6216.1, -6120.36, -6176.38, -6126.82, -6227.18, -6249.12, -6146.76, -6116.24, 
-6051.98, -6203.98, -6257.78, -6159.2, -6155.24, -6158.52, -6140.72, -6336.6, -6251.54, -6014.34, 
-6108.56, -6364.1, -6163.58, -6130.56, -6369.7, -6179.9, -6117.88, -6184.78, -6147.02, -6071.64, 
-6088, -6212.32, -6047.94, -6069.28, -6405.72, -6097.22, -6191.56, -6049.74, -6214.74, -6178.4, 
-6107.34, -6286.34, -6123.94, -6293.12, -6386.1, -6170.32, -6317.36, -6027.96, -6176.2, -6298.76, 
-6113.72, -6400.42, -6019.06, -6329.7, -6412.08, -6046.84, -6402.2, -6166.08, -6263.56, -6285.34, 
-6152.84, -6461.12, -6045.08, -6190.68, -6367.12, -6010.98, -6395.46, -6322.26, -6288.56, -6306.76, 
-6089.76, -6373.72, -6091.6, -6165.4, -6300.34, -6135.58, -6360.56, -6311.64, -6336.8, -6309.3, 
-6114.16, -6283.2, -6079.58, -6285.5, -6329.78, -6037.4, -6350.88, -6395.3, -6239.32, -6517.06, 
-6204.52, -6410.92, -6137.7, -6227.56, -6224.22, -6021.04, -6279.08, -6291.16, -6266.76, -6369.2, 
-6242.84, -6371.72, -6183.38, -6234.62, -6129.64, -6181.82, -6263.02, -6261.32, -6292.22, -6359.96, 
-6125.62, -6332.14, -6330.52, -6321.12, -6248.78, -6128.02, -6246.06, -6313.1, -6227.76, -6244.12, 
-6249.7, -6282.64, -6269.46, -6451.26, -6306.48, -6167.86, -6147.6, -6235.12, -6100.94, -6210.78, 
-6213.38, -6235.8, -6399.14, -6351.54, -6273.78, -6114.54, -6155.42, -6296.24, -6190.1, -6169.26, 
-6161.5, -6305.5, -6415.34, -6429.62, -6262.18, -6192.82, -6124.3, -6330.56, -6251.48, -6240.62, 
-6246.16, -6372.24, -6373.7, -6423.64, -6363.48, -6238.78, -6167.84, -6327.14, -6303.04, -6090.18, 
-6142.8, -6291.52, -6331.46, -6486.4, -6419.3, -6247.06, -6021.3, -6381.24, -6209.14, -6330.36, 
-6212.2, -6252.92, -6163.56, -6479.16, -6293.88, -6307.72, -6008.12, -6348.4, -6146.76, -6308.12, 
-6270.82, -6227.32, -6294.42, -6500.94, -6295.24, -6199.02, -6090.64, -6356.58, -6114.7, -6325.7, 
-6157, -6257.6, -6153.62, -6538.1, -6167.58, -6022.74, -6100.64, -6307.32, -6112.56, -6340.76, 
-6182.1, -6218.12, -6172.56, -6605.64, -6047.94, -6141.26, -6257.82, -6236.38, -6141.88, -6256.28, 
-6266.76, -6462.38, -6078.08, -6485.84, -6211.6, -6227.06, -6229.26, -6196.22, -6300.98, -6259.9, 
-6246.28, -6247.5, -6167.8, -6566.48, -6271.66, -6234.72, -6312.96, -6227.44, -6135.68, -6188.42, 
-6345.98, -6337.74, -6119.68, -6606.12, -6258.14, -6201, -6126.92, -6160.94, -6186.1, -6133.1, 
-6358.44, -6291.78, -6215.12, -6698.8, -6294.92, -5978.1, -6288.2, -6216.94, -6223.24, -6187.06, 
-6162.58, -6096.92, -6176.94, -6619.24, -6297.22, -6037.58, -6239.18, -6320.98, -6208.76, -6117.44, 
-6235.34, -6098.5, -5968.42, -6636.8, -6333.02, -5990.7, -6167.82, -6322.38, -6318.6, -6157.7, 
-6295.56, -6134.28, -6060.5, -6491.36, -6258.28, -5969.8, -6094, -6451.76, -6092.96, -6288.14, 
-6210.88, -6217.74, -6147.68, -6286.34, -6312.88, -6004.44, -6008.38, -6345.92, -6202.8, -6287.74, 
-6199.88, -6243.64, -6138.36, -6260.5, -6218.38, -6141.44, -6224.74, -6290.2, -6155.4, -6171.08, 
-6386.46, -6176.78, -6191.64, -6134.7, -6195.44, -6113.22, -6108.14, -6244.4, -6058.36, -6303.12, 
-6255.06, -6331.76, -6255.6, -6215.24, -6262.94, -6120.9, -6217.78, -6252.12, -6011.98, -6256.22, 
-6332.04, -6361.2, -6151.2, -6274.16, -6181.92, -6058.12, -6184.04, -6236.9, -6004.5, -6310.3, 
-6301.16, -6491.5, -6239.3, -6305.3, -6028.5, -6164.94, -6220.52, -6150.38, -6019.48, -6267.42, 
-6192.46, -6250.5, -6140.18, -6262.8, -6301.3, -6172.34, -6004.86, -6196.38, -5783.46, -6255.38, 
-6068.3, -6459.96, -6277.24, -6204.74, -6255.8, -6236.66, -6166.36, -6273, -5910.3, -6245.74, 
-6223.76, -6349.84, -6150.02, -6249.2, -6252.3, -6188.52, -6123.7, -6253.5, -5916.52, -6112.12, 
-6260.28, -6432.26, -6101.1, -6339.12, -6183.5, -6312.44, -6264.06, -6106.46, -5989.02, -6239.26, 
-6313.8, -6318.64, -6049.56, -6264, -6219.9, -6227.32, -6153.66, -6297.02, -5970.8, -6188.5, 
-6390.88, -6254.82, -6002, -6340.52, -6205.88, -6143.3, -6135.46, -6268.6, -6107.54, -6262.78, 
-6330.3, -6346.26, -6136.74, -6355.14, -6174.28, -6210.44, -6206.42, -6145.36, -6318.2, -6247.84, 
-6225.64, -6196.82, -6187.74, -6176.96, -6037.38, -6181.2, -6243.4, -6226.34, -6334.54, -6257.28, 
-6109.7, -6281.94, -6093.12, -6043.46, -6129.42, -6066.48, -6178.28, -6115.94, -6263.32, -6391.2, 
-6103, -6179.38, -6268.92, -6081.5, -6166.2, -6255.92, -6292.78, -6207.36, -6345.28, -6379.7, 
-6094.52, -6271.94, -6175.3, -6021.32, -6205.2, -6149.46, -6183.12, -6169.48, -6244.68, -6274.98, 
-6171.72, -6290.42, -6267.48, -6308.94, -6141.58, -6127.32, -6203.86, -6395.4, -6147.64, -6294.46, 
-6143.46, -6233.58, -6159.3, -6178.68, -6114, -6234.36, -6330.36, -6203.86, -6144.16, -6275.76, 
-6220.34, -6255.14, -6144.84, -6220.98, -6002.36, -6224.26, -6386.12, -6273.94, -6254.1, -6244.22, 
-6320.38, -6295, -6097.94, -6245.9, -6191.82, -6170.98, -6299.5, -6294, -6185.84, -6352.14, 
-6294.42, -6248.88, -6111.46, -6282.32, -6109.6, -6155.02, -6352.4, -6182.44, -5993.38, -6253.64, 
-6336.98, -6305.42, -6099.56, -6352.76, -6004.52, -6219.16, -6389.56, -6222.78, -5969.04, -6219.52, 
-6209.94, -6319.66, -6024.56, -6290.34, -6130.66, -6215.78, -6333.44, -6227.9, -5997.5, -6416.92, 
-6135.14, -6263.94, -6151.6, -6282.54, -6058.36, -6281.44, -6289.36, -6224.68, -6112.72, -6370.94, 
-6330.18, -6307.44, -6264.78, -6295.26, -5985.12, -6187.34, -6362.56, -6110.34, -6056.24, -6331.12, 
-6084.38, -6401.16, -6166.86, -6261.82, -6051.2, -6217.44, -6227.46, -6117.56, -6027.2, -6255.44, 
-6296.62, -6254.7, -6112.02, -6268.86, -6065.32, -6208.46, -6226.16, -6030.04, -6037.1, -6137.84, 
-5990.28, -6151.62, -6136.88, -6426.94, -6130.12, -6259.8, -6226.36, -6062.6, -6052.42, -6019.56, 
-6057.02, -6070.26, -6116.1, -6324.12, -6144.38, -6209.32, -6110.36, -6030.18, -6134.28, -6016.3, 
-6006.62, -6275.6, -6178.6, -6379.16, -6164.32, -6197.8, -6196.08, -5999.78, -6127.92, -6059.54, 
-6130.22, -6148.04, -6211.86, -6337, -6162.96, -6022.44, -6225.74, -6102.78, -6201.96, -5970.68, 
-5993.66, -6161.5, -6323.22, -6351.12, -6289.04, -6037.52, -6333.84, -6101.62, -6246.48, -5848.64, 
-6113.58, -6133.7, -6167.64, -6579.9, -6229.64, -6110.4, -6370.74, -6182.26, -6134.6, -6078.54, 
-6170.14, -6252.12, -6179.92, -6575.08, -6250, -6128.36, -6245.88, -5994.46, -6073.14, -6099.3, 
-6133.32, -6273.78, -6112.48, -6552.46, -6149.92, -6090.3, -6298.88, -6097, -6178.88, -5945.28, 
-6149.32, -6209.02, -6109.06, -6497.38, -6266.36, -6225.02, -6226.78, -6157.12, -6022.42, -6062.04, 
-6133.52, -6076.34, -6125.12, -6368.5, -6220.8, -6245.74, -6416.12, -6278.44, -6160.76, -6052.42, 
-6040.52, -6223.26, -6193.96, -6349.88, -6382.72, -6225.58, -6399.2, -6336.94, -6156.34, -5982.12, 
-6086.28, -6275.32, -6219.76, -6376.22, -6324.8, -6287.92, -6244.96, -6436.16, -6132.46, -6132.84, 
-6019.68, -6069.38, -6228.26, -6451.48, -6218.12, -6283.68, -6276.42, -6417.64, -6215.34, -6090.6, 
-6050.48, -6067.16, -6290.74, -6404.92, -6201.42, -6321.58, -6224.98, -6431.36, -6271.22, -5995.7, 
-6136.34, -5962.72, -6103.88, -6287.06, -6190.78, -6126.5, -6340.22, -6219.58, -6196.22, -6130.54, 
-6176.16, -6118.52, -6021.74, -6238.22, -6156.42, -6213.14, -6214.38, -6238.8, -6296.68, -6263.56, 
-6007.36, -6190.44, -6165.38, -6309.42, -6006.06, -6130.16, -6359.5, -6262.76, -6289.98, -6301.96, 
-5913.58, -6042.7, -6064.18, -6197.06, -5993.92, -6276.62, -6317.56, -6130.64, -6267.04, -6104.56, 
-5886.26, -6144.32, -6177.02, -6169.78, -6113.52, -6319.72, -6239.18, -6320.64, -6185.48, -6218.3, 
-6102.88, -6199.46, -6197.9, -6361.28, -6175.98, -6281.76, -6095.42, -6268.88, -6347.14, -6218.3, 
-5992.7, -6222.16, -6120.54, -6270.14, -6177.18, -6188.74, -6136.22, -6236.9, -6405.88, -6258.46, 
-5947.36, -6282.98, -6279.92, -6050.3, -6076.76, -6021.86, -6261.76, -6374.14, -6425.72, -6248.16, 
-5913.16, -6245.38, -6209.06, -6259.72, -6150.16, -6166.78, -6180.42, -6314.38, -6465.14, -6259.16, 
-6077.84, -6263.04, -6214.6, -6245.4, -6093.52, -6170.74, -6285.58, -6262.34, -6382.48, -6191.14, 
-6148.04, -6197.14, -6249.46, -6272.62, -6233.26, -6164.88, -6253.8, -6233.48, -6314.68, -6180.84, 
-6131.66, -6176.84, -6311.42, -6119.74, -6219.38, -6081.62, -6259.28, -6142.5, -6142.36, -6129.72, 
-6089.54, -6079.88, -6227.58, -6263.58, -6122.68, -5939.6, -6232.04, -6125.26, -6354.6, -6195.7, 
-6148.9, -6130.52, -6229.1, -6280.06, -6137.92, -5992.92, -6135.82, -6219.8, -6429.86, -6043.12, 
-6250.5, -6157.66, -6425.54, -6328.52, -6245.08, -6062.98, -6133.28, -6261.96, -6355.08, -6002.38, 
-6179.38, -6095.78, -6490.24, -6420.98, -6158.8, -6036.32, -6068.02, -6281.98, -6222.1, -6025.54, 
-6229.94, -6242.48, -6227.7, -6267.42, -6234.62, -6153.94, -6205.86, -6307.36, -6358, -6197.84, 
-6289.36, -6181.92, -6148.2, -6297.62, -6083.24, -6232.32, -6251.58, -6253.74, -6389.9, -6136.28, 
-6309.82, -6258.9, -6303.8, -6329.26, -6222.66, -6329.64, -6175.02, -6227.92, -6443.1, -6112.06, 
-6155.36, -6280.86, -6330.72, -6165.54, -6285.54, -6232.74, -6260.88, -6125.7, -6481.12, -6128.34, 
-6059, -6237.38, -6215.38, -6178.32, -6209.62, -6131.34, -6207.82, -6211.64, -6390.82, -6013.9, 
-5945.82, -6191.74, -6198.12, -6126.18, -6279.62, -6263.66, -6133.9, -6159.12, -6327.2, -6086.74, 
-6040, -6241.22, -6246.44, -6119.1, -6314.4, -6464.52, -6168.4, -6259.72, -6324.6, -6110.9, 
-6072.56, -6155.12, -6344.26, -6199.8, -6192.64, -6253.4, -6177.18, -6362.6, -6342.26, -6304.36, 
-6214.18, -6246.16, -6246.36, -6295.64, -6175.18, -6286.56, -6215.1, -6253.8, -6261.48, -6212.04, 
-6302.72, -6161.6, -6208, -6327.42, -6013.22, -6106.84, -6217.54, -6271.86, -6150.18, -6332.78, 
-6265.64, -6380.12, -6168.14, -6451.24, -6010.82, -6028.2, -6198.94, -6397.08, -6226.94, -6184.3, 
-6206.1, -6244.42, -6323.74, -6537.36, -6093, -6088.94, -6291.24, -6301.54, -6203.16, -6039.1, 
-6076.06, -6341.34, -6285.36, -6404.34, -6059.08, -6199.2, -6206.58, -6253.36, -6181.46, -6112.18, 
-6070.86, -6247.2, -6245.2, -6451.58, -6035.94, -6102.22, -6354.44, -6304.82, -6188.72, -6089.52, 
-6101.68, -6253.36, -6184.84, -6371.52, -6211.88, -6117.8, -6234.26, -6345.32, -6161.9, -6153.08, 
-6251.58, -6293, -6281.42, -6318.64, -6155.56, -6176.04, -6107, -6223.1, -6325.4, -6005.44, 
-6254.04, -6343.46, -6343.74, -6283.2, -6247.78, -6237.94, -6061.42, -6251.94, -6385.2, -6185.92, 
-6279.08, -6429.8, -6444.36, -6227.1, -6214.02, -6134.7, -6134.26, -6226.18, -6221.86, -6311.18, 
-6111.42, -6292.34, -6280.24, -6326.12, -6205.76, -6132.04, -5936.78, -6260.34, -6142.84, -6265.08, 
-6170.4, -6327.5, -6491.5, -6205.3, -6200.82, -6282.92, -5916.14, -6390.28, -6152.6, -6247.18, 
-6287.48, -6309.8, -6428.02, -6276.9, -6076.1, -6238.98, -5955.4, -6294.34, -5964.34, -6363.46, 
-6167.78, -6225.34, -6487.18, -6299.1, -6032.16, -6160.8, -5998.04, -6339.32, -6046.86, -6297.5, 
-6056.64, -6356.04, -6446.9, -6294.16, -6163.6, -6253.64, -6074.96, -6331.86, -6038.76, -6195.62, 
-6062.58, -6421.64, -6373.24, -6260.56, -6076.68, -6200.32, -6006.58, -6353.38, -6236.54, -6237, 
-6176.12, -6285.7, -6330.82, -6158.84, -6042.58, -6070.7, -6075.78, -6178.38, -6134.02, -6248.82, 
-6087.7, -6178.9, -6283.18, -6192.16, -6019.04, -6212.4, -6117.94, -6236.96, -6199.96, -6316.16, 
-6245.78, -6250.2, -6116.14, -6243, -6076.48, -6339.36, -6195.1, -6098.04, -6192.8, -6222.52, 
-6180.12, -6264.06, -6075.98, -6244.94, -6056.46, -6156.12, -6066.54, -6153.44, -6127.88, -6196.06, 
-6103.32, -6289.46, -6007.38, -6359.32, -6241.7, -6324.48, -6156.76, -6213.52, -6087.18, -6082.24, 
-6144.92, -6272.38, -6036.34, -6281.1, -6305.3, -6132.74, -6075.3, -6298.16, -5965.98, -6032.74, 
-6202.26, -6264.38, -6075.5, -6307.08, -6344.96, -6073.02, -6079.34, -6193.42, -5973.66, -6031.1, 
-6053.32, -6350.14, -5969.42, -6326.04, -6273.86, -6196.64, -6139.26, -6303.34, -5992.66, -6078.6, 
-6047.46, -6356.14, -6025.58, -6195.04, -6315.6, -6152.8, -6117.54, -6402.16, -6083.26, -6057.88, 
-6157.92, -6226.28, -6019.88, -6315, -6222.14, -6075.58, -6161.7, -6442.16, -6141.42, -6233.3, 
-6133.42, -6151.02, -6132.24, -6231.22, -6180.6, -6116.18, -6206.6, -6324.02, -6136.14, -6216.76, 
-6013.92, -6236.32, -6028.28, -6370.24, -6276.34, -6175.24, -6151.78, -6238.9, -6197.38, -6200.26, 
-6182.92, -6164.44, -6022.62, -6147.6, -6237.22, -6306.04, -6244.84, -6078.24, -6097.84, -6385.06, 
-6077.8, -6218.72, -6043.12, -6177.88, -6220.7, -6278.58, -6306.28, -6229.96, -6186.18, -6404.62, 
-6178.58, -6374.58, -6113.12, -6305.76, -6115.1, -6387.46, -6396.26, -6213.62, -6245.28, -6304.1, 
-6210.92, -6326.14, -6208.38, -6306.98, -6052.98, -6166.58, -6423.42, -6182.18, -6201.2, -6231.18, 
-6064.32, -6355.86, -6221.98, -6234.74, -6101.94, -6197.92, -6460.78, -6176.5, -6260.3, -6191.54, 
-6177.44, -6387.02, -6146.12, -6268.5, -6096.84, -6153.92, -6350.1, -6292.14, -6217.84, -6181.36, 
-6253.98, -6260.92, -6144.08, -6348.82, -6114.8, -6291.7, -6385.18, -6310.26, -6113, -6185.46, 
-6330.7, -6236.22, -5938.52, -6323.24, -6056, -6260.5, -6480.14, -6250.16, -6130.58, -6127.7, 
-6370.5, -6234.88, -6013.06, -6379.98, -6287, -6269.28, -6406.48, -6290.08, -6109.68, -6193.86, 
-6344.56, -6151.4, -6042.8, -6310.54, -6206.22, -6351.26, -6325.1, -6234.16, -6198.48, -6199.16, 
-6312.98, -6165.82, -6076.68, -6103.8, -6142.88, -6225.78, -6435.48, -6181.74, -6284.68, -6293.82, 
-6208.26, -6169.72, -6146.34, -6096.46, -6095.64, -6254.06, -6246.32, -6383.96, -6301.68, -6152.26, 
-6181.68, -6221.1, -6253.94, -5928, -6180.96, -6166.84, -6367.68, -6176.64, -6261.92, -6031.84, 
-6082.62, -6049.86, -6284.02, -6048.3, -6109.32, -6234.98, -6245.48, -6291.96, -6127.18, -6033.48, 
-6174.58, -6097.86, -6435.98, -6116.96, -6194.48, -6446, -6326.42, -6239.22, -6203.68, -6064.74, 
-6197.66, -6316.1, -6308.98, -6131.16, -6163.32, -6412.92, -6292.12, -6111.22, -6071.32, -6099.52, 
-6128.58, -6332.36, -6240.12, -6154.62, -5896.18, -6411.78, -6352.94, -6118.66, -6079.86, -6096.72, 
-6013.88, -6474.32, -6218.66, -6143.82, -5907.82, -6363.2, -6340.56, -6142.8, -5994.66, -6083.86, 
-6003.06, -6349.68, -6319.7, -6152.6, -5925.18, -6341.56, -6240.5, -6064.48, -6073.6, -6153.8, 
-6143.02, -6542.1, -6403.78, -6304.24, -5955.38, -6143.34, -6354.54, -6198.2, -6252.4, -6276, 
-6227.22, -6479.64, -6346.56, -6235.56, -5956.6, -6312.92, -6289.9, -6383.92, -6317.42, -6157.96, 
-6412.16, -6372.86, -6322.06, -6314.24, -6108.42, -6321.14, -6313.38, -6361.68, -6139.94, -6049.96, 
-6429.54, -6443.56, -6192.44, -6321.34, -6160.38, -6205.48, -6257.26, -6363.4, -6180.26, -5938.92, 
-6336.96, -6355.36, -6339.6, -6295.06, -6251.76, -6224.22, -6336.34, -6407.66, -6184.82, -5994.94, 
-6399.86, -6235.08, -6414.3, -6217.94, -6174.24, -6244.3, -6290.94, -6285.06, -6180.3, -6071.46, 
-6264.96, -6290.96, -6454.58, -6019.68, -6214.44, -6249.14, -6150.88, -6300.28, -6261.9, -6185.56, 
-6224.5, -6264.48, -6357.48, -6092.7, -6338.96, -6225.66, -6172.82, -6310.4, -6306.58, -6193.84, 
-6262.52, -6194.2, -6365.22, -6187.02, -6233.66, -6224.12, -6156.62, -6189.02, -6197.74, -6008.94, 
-6400.06, -6279.28, -6365.58, -6216.12, -6290.04, -6353.88, -6188.94, -6269.6, -6273.34, -6038.22, 
-6316.56, -6236.18, -6228.22, -6166.24, -6304.46, -6199.68, -6194.58, -6290.18, -6180.06, -6033.56, 
-6296.36, -6210.34, -6149.22, -6243.02, -6273.68, -6131.74, -6235, -6298.64, -6286, -6066.46, 
-6531.5, -6295.48, -6095.18, -6253.02, -6343.92, -6159.4, -6054.46, -6275.32, -6242.22, -6072.04, 
-6420.76, -6164.22, -6329.98, -6313.64, -6424.02, -6195.86, -6120.4, -6314.12, -6262.06, -5974.4, 
-6301.8, -6318.54, -6318.2, -6371.02, -6214.02, -6166.56, -6207.5, -6179.86, -6358.3, -5894.12, 
-6334.78, -6278.24, -6335.1, -6302.62, -6229.14, -6185.24, -6219, -6184.42, -6338.54, -5921.36, 
-6350.98, -6213.88, -6375.7, -6300.4, -6206.92, -6192.1, -6377.42, -6094.04, -6396.16, -5960.56, 
-6335.94, -6111.34, -6259.16, -6422.44, -6270.56, -6196.58, -6154.6, -6082.5, -6368.14, -6064.68, 
-6366.08, -5852.22, -6290.54, -6376.84, -6380.68, -6239.5, -6170.88, -6162.76, -6283.54, -6053.94, 
-6332.58, -5924.56, -6399.64, -6449.94, -6260.7, -6343.54, -6257.02, -6200.6, -6212.38, -6130.44, 
-6405.34, -6021.38, -6236.74, -6510.68, -6434.74, -6365.44, -6256.74, -6269.36, -6331.84, -6150.26, 
-6357.72, -6199.14, -6155.36, -6407.72, -6364.22, -6352.3, -6319.72, -6237.72, -6303.44, -6019.36, 
-6262.98, -6151.76, -6044.56, -6359.12, -6337.08, -6406.7, -6194.7, -6202.68, -6240.16, -6001.98, 
-6169.26, -6212.22, -6045.78, -6436.06, -6339.26, -6399.86, -6090.26, -6247.62, -6282.9, -6152.4, 
-6142.08, -6187.08, -6162.52, -6425.92, -6215.24, -6485.62, -6041.72, -6370.08, -6280.32, -6107.9, 
-6133.42, -6086.84, -6134.96, -6300.84, -6147.84, -6368.58, -6089.16, -6290.2, -6318.68, -6227.02, 
-6009.44, -6162.5, -6282.46, -6180.02, -6157.74, -6297.32, -6145.82, -6244.96, -6249.28, -6260.58, 
-6099.22, -6116, -6244.04, -6292.58, -6145.92, -6195.88, -6275.9, -6146.16, -6212.56, -6287.5, 
-6179, -6208.22, -6307.98, -6290.62, -6148.44, -6345.78, -6292.46, -6085.86, -6260.48, -6200.14, 
-6185.8, -6273.24, -6280.88, -6370.28, -6190.92, -6295.92, -6253.14, -6024.76, -6350.12, -6330.48, 
-6168.4, -6270.92, -6236.34, -6361.96, -6139.76, -6352.84, -6143.22, -6126.82, -6387.08, -6251.08, 
-6312.7, -6343.46, -6101.78, -6473.2, -6173.48, -6315.88, -6141.38, -6139.14, -6285.52, -6386.52, 
-6205.78, -6396.24, -6037.88, -6361.82, -6111.36, -6234.28, -6084.96, -6036.82, -6169.66, -6401.82, 
-6192.7, -6351.84, -6024.76, -6399.62, -6168.84, -6091.06, -6175.84, -6066.22, -6237.44, -6289.76, 
-6263.34, -6226.98, -6028.74, -6334.88, -6135.8, -6072.98, -6290, -6212.56, -6367.22, -6409.86, 
-6174.82, -6364.12, -5972.24, -6309.04, -6216.24, -5991.68, -6236.6, -5970.26, -6198.74, -6452.88, 
-6355.8, -6175.76, -6095.36, -6444.52, -6277.52, -6026.62, -6118.5, -5934.82, -6409.44, -6291.1, 
-6293.98, -6185.56, -6137.3, -6517.38, -6211.44, -6229.36, -6176.86, -6065.3, -6433.16, -6100.64, 
-6313.68, -6346.82, -6329.7, -6552.4, -6209.36, -6157.4, -6164.2, -5999.44, -6264.26, -6117.48, 
-6307.68, -6371.68, -6174.06, -6330.02, -6171.66, -6194.08, -6150, -6029.5, -6234.58, -6196.44, 
-6345.06, -6315.04, -6112.88, -6353.4, -6221.46, -6186.28, -6130.06, -6038.3, -6085.42, -6167.24, 
-6341.16, -6321.18, -6072.26, -6281.5, -6090.5, -6247.52, -6132.66, -6089.46, -6279.2, -6104.7, 
-6088.14, -6426.88, -6075.86, -6317.06, -6188.34, -6183.4, -5878.66, -6048.52, -6369.3, -6240.44, 
-6256.9, -6254.68, -6148.24, -6403.2, -6310.26, -6148.02, -5934.04, -6259.18, -6242.72, -6100.82, 
-6152.14, -6331.6, -6107.08, -6344.26, -6179.68, -6207.88, -6005.96, -6213.16, -6319.02, -6192.32, 
-6154.58, -6338.78, -6111, -6326.12, -6203.78, -6299.36, -6210.52, -6234.62, -6234.46, -6235.7, 
-6050.06, -6510.58, -6257.14, -6317.84, -6088.04, -6226.14, -6264.9, -6208.92, -6162.6, -6334.58, 
-6219.7, -6501.66, -6315.06, -6364.36, -6188.1, -6172.84, -6169.66, -6123.6, -6266.82, -6322.72, 
-6211.66, -6382.96, -6140.86, -6231.3, -6217.12, -6189.02, -6253.6, -6344.52, -6166.84, -6423.5, 
-6263.18, -6441.24, -6154.3, -6232, -6229.42, -6346.1, -6286.16, -6295.66, -6194.2, -6377.34, 
-6204.68, -6288.36, -6304.2, -6180.7, -6184.48, -6164.92, -6101.92, -6348.48, -6194.42, -6315.56, 
-6127.24, -6151.96, -6352.24, -6283.72, -6373.56, -6256, -6163.12, -6301.76, -6107.58, -6411.7, 
-6158.98, -6121.58, -6294.94, -6257.96, -6347.46, -6167.56, -5945.5, -6254.3, -6146.84, -6233.02, 
-6250.08, -6106.58, -6319.22, -6267.14, -6321.72, -6167.18, -6143.4, -6156.64, -6200.48, -6194.44, 
-6282.9, -6249.76, -6267.28, -6352.32, -6359.34, -6140.78, -6081.3, -6252.68, -6178.84, -6224.9, 
-6108.62, -6036.9, -6207.34, -6307.1, -6305.14, -6163.14, -6096.06, -6310.68, -6041.72, -6333.76, 
-6268.4, -6201.88, -6259.38, -6233.48, -6292.74, -5988.28, -6086.96, -6257.42, -6061.46, -6430.26, 
-6042.56, -6234.08, -6199.84, -6318.22, -6156.36, -6122.88, -6024.26, -6248.46, -6078.1, -6324.12, 
-6138.56, -6170.96, -6100.06, -6388.08, -6118.84, -6149.94, -6028.42, -6265.38, -6190.24, -6338.26, 
-5965.06, -6180.18, -6114.86, -6282.34, -6231.68, -6239.8, -6202.7, -6432.74, -6207.8, -6194.54, 
-6152.94, -6298.66, -6233.06, -6174.1, -6167.78, -6170.38, -6136.96, -6313.44, -6371.12, -6186.98, 
-6245.34, -6248.14, -6153.18, -6271.22, -6069.66, -6037.24, -6190.08, -6223.88, -6327.62, -6192.2, 
-6449.96, -6289.48, -6153.9, -6291.16, -6187.46, -6038.62, -6148.74, -6247.28, -6352.06, -6182.74, 
-6300.46, -6281.64, -6060.5, -6188.76, -6180.22, -6008.52, -6183.02, -6113.92, -6442.3, -6117.74, 
-6340.78, -6322.38, -6120.48, -6138.9, -6059.28, -6107.34, -6213.46, -6060.28, -6514.32, -6246.56, 
-6387.84, -6201.1, -6183.18, -6203.56, -6126.48, -6084.18, -6132.62, -6125.44, -6362.64, -6226.68, 
-6501.74, -6238.24, -6207.74, -6246.42, -6160.92, -6235.86, -6235.5, -5924.52, -6237.74, -6289.52, 
-6586.34, -6229.26, -6228.96, -6253.78, -6168.22, -6241.16, -6205.82, -6000.4, -6279, -6324.18, 
-6449.9, -6256.34, -6143.46, -6173.56, -6194.94, -6273.54, -6157.48, -5990.4, -6282.04, -6283.58, 
-6354.4, -6288.74, -6198.9, -6189.82, -6166.52, -6280.72, -6025.26, -6007.76, -6330.66, -6260.2, 
-6366.3, -6336.42, -6111.02, -6084.8, -6084.9, -6171.86, -6239.38, -6225.58, -6244.6, -6229.42, 
-6197.06, -6415.06, -6004.44, -6100.78, -6217.72, -6199.6, -6158.78, -6126.2, -6194.42, -6338.28, 
-6159.74, -6312.46, -5928.5, -6081.26, -6090.68, -6153.5, -6233.6, -6144.14, -6292.7, -6344.64, 
-6120.54, -6406.56, -5927.76, -6134.62, -6020.84, -6125.34, -6301.02, -6093.84, -6107.94, -6311.08, 
-6216.88, -6387.76, -6100.38, -6257.22, -6194.86, -5959.46, -6302.84, -6150.7, -6263.68, -6268.9, 
-6142.98, -6302.76, -6023.76, -6318.84, -6207.5, -6024.64, -6278.52, -6145.58, -6159.56, -6208.34, 
-6175.88, -6284.32, -6144.26, -6383.64, -6339.22, -6020.66, -6453.6, -6170.36, -6366.82, -6305.42, 
-6188.14, -6283.74, -5843.68, -6382.42, -6358.84, -6016.04, -6317.7, -6269.34, -6287.28, -6122.42, 
-6366.74, -6216.98, -6078.02, -6185.44, -6209.24, -6064.42, -6408.5, -6432.42, -6401.14, -6127.6, 
-6407.52, -6280.26, -6252.72, -6342.38, -6117.18, -6141.94, -6505.82, -6355.66, -6446.74, -6238.32, 
-6320.12, -6272.4, -6297.74, -6418.36, -6003, -6192.82, -6439.1, -6333.06, -6368.78, -6275.66, 
-6327.64, -6389.68, -6291.04, -6470.5, -6042.2, -6128.68, -6334.44, -6195.48, -6365.58, -6229.72, 
-6235.24, -6296.14, -6241.9, -6401.58, -6131.32, -6182.86, -6314.78, -6164.72, -6273.8, -6181.6, 
-6355.68, -6267.16, -6144.62, -6438.4, -6105.58, -6152.66, -6270.26, -6151.72, -6380.26, -6197.6, 
-6316.82, -6108.12, -5965.84, -6447.24, -6270.42, -6292.14, -6230.52, -6181.14, -6416.16, -6215.56, 
-6335.98, -6098.3, -5984.24, -6388.38, -6307.16, -6276.7, -6408.54, -6179.16, -6470.04, -6212.88, 
-6374.58, -6285.96, -5967.92, -6384.78, -6180.54, -6316.62, -6330.28, -6284.26, -6330.18, -6281.52, 
-6371.84, -6097.74, -6036.48, -6200.8, -6077.5, -6261.04, -6393.24, -6332.2, -6346.6, -6067.42, 
-6445.06, -6146.22, -6038.98, -6308.42, -6053.26, -6251.14, -6335.38, -6278.24, -6185.3, -6230.88, 
-6482.34, -6160.06, -6011.78, -6265.68, -6250.82, -6121.04, -6210.46, -6257.72, -6359.16, -6291.88, 
-6428.7, -6248.56, -6257.72, -6303.08, -6080.72, -6020.8, -6093.38, -6123.24, -6344.3, -6128.1, 
-6290.06, -5993.94, -6271, -6404.46, -6149.62, -5936.96, -6316.66, -6268.04, -6247.4, -6261.24, 
-6363.94, -6048.72, -6186.54, -6337.06, -6141.04, -5966.02, -6375.42, -6272.54, -6293.34, -6236.24, 
-6517.16, -6202.46, -6253.32, -6547.1, -6120.78, -6050.06, -6236.82, -6232.98, -6352.5, -6173.28, 
-6283.12, -6224.02, -6265.92, -6410.66, -6099.12, -6241.74, -6249.72, -6277.12, -6285.96, -6189.18, 
-6365.9, -6385.82, -6217.82, -6290.66, -6122.94, -6182.26, -6388.96, -6490.62, -6317.2, -6261.42, 
-6252.08, -6235.1, -6190.44, -6281.42, -6009.82, -6267.82, -6383, -6467, -6317.5, -6111.88, 
-6335.94, -6294.26, -6224.88, -6321.6, -6034.28, -6370.12, -6319.44, -6422.5, -6310.42, -6077.14, 
-6118.62, -6222.46, -6411.58, -6220.44, -6120.04, -6208.5, -6456.06, -6462.68, -6307.76, -5977.66, 
-6107.56, -6247.4, -6415.12, -6171.58, -6052.88, -6116.56, -6335.54, -6492.42, -6291.08, -6052.22, 
-6130.22, -6277.36, -6289.82, -6272.4, -6112.36, -6190.6, -6268.8, -6501.54, -6337.7, -6226.84, 
-6102.18, -6181.72, -6159.18, -6323.74, -6175.58, -6223.14, -6258.94, -6471.82, -6378.64, -6181.28, 
-6016.46, -6190.82, -6312.84, -6163.4, -6196.92, -6186.88, -6291.86, -6471.28, -6281.44, -6157.28, 
-5976.9, -6232.32, -6114.26, -6132.32, -6205.56, -6340.8, -6340.18, -6542.18, -6441.08, -6329.26, 
-6178.98, -6288.7, -6202.06, -6121.24, -6209, -6348.3, -6372.18, -6618.1, -6479, -6243.02, 
-6171.18, -6156.78, -6128.72, -6141.74, -6087.16, -6269.58, -6322.44, -6562.18, -6335.48, -6090.94, 
-6192.08, -6202.32, -6159.1, -6109.78, -6248.22, -6055.62, -6345.72, -6511.3, -6380.06, -6066.4, 
-6091.92, -6251.26, -6306.9, -6017.96, -6343.44, -6193.72, -6341.5, -6487.54, -6368.88, -6250.08, 
-6203.5, -6292.76, -6195.42, -6119.04, -6178.3, -6142.48, -6262.82, -6313.58, -6343.68, -6318.36, 
-6211.76, -6389.82, -6189.06, -6121.5, -6220.3, -6193.34, -6274.74, -6284.52, -6335.04, -6286.9, 
-6245.52, -6164.18, -6128.38, -6326.64, -6318.56, -6239.2, -6202.44, -6432.62, -6321.76, -6262.44, 
-6341.56, -6122.66, -6271.56, -6457.34, -6218.94, -6321.78, -6201.94, -6370.64, -6298.32, -6289.14, 
-6167.44, -6238.1, -6372.38, -6415.02, -6224.26, -6360.58, -6103.42, -6213.64, -6203.88, -6160.44, 
-6161.92, -6052.62, -6252.92, -6377.88, -6054.66, -6511.74, -6143.58, -6233.52, -6290.9, -6074.44, 
-6051.02, -6088.1, -6181.08, -6364.42, -6050.02, -6452.22, -6048.6, -6334.4, -6203.22, -6094.5, 
-6153.42, -6096.2, -6165.24, -6314.44, -5989.56, -6312.56, -5962.6, -6338.42, -6271.66, -6091.28, 
-6267.68, -5979.86, -6212.18, -6423.56, -6006.44, -6301.64, -6092.34, -6344.94, -6181.88, -6119.68, 
-6087.34, -6116.82, -6325.72, -6272.2, -6066.98, -6210.44, -6164.38, -6278.18, -6211.34, -6260.2, 
-6202.3, -6018.38, -6402.1, -6214.1, -6206.98, -6305.24, -6049.34, -6140.06, -6327.78, -6119.98, 
-6156.42, -6042.2, -6336, -6229.3, -6238.46, -6251.36, -6219.72, -6064.54, -6154, -6278.46, 
-6239.8, -6138.92, -6170, -6169.1, -6258.94, -6195.9, -6217.04, -6164.58, -6135.46, -6181.92, 
-6262.88, -6144.44, -6131.7, -6186.34, -6234.74, -6197.6, -6136.78, -6181.22, -6183.66, -6251.64, 
-6274.32, -6156.76, -6223.3, -6164.42, -6334.18, -6153.28, -6148.48, -6144.88, -6232.38, -6254.28, 
-6239, -6152.52, -6111.34, -6262.52, -6292.44, -6202.52, -6147.02, -6094, -6361.52, -6219.3, 
-6347.66, -6136.54, -6366.1, -6224.76, -6100.54, -6090.62, -6270.98, -6205.4, -6221.18, -6242.38, 
-6409.78, -6161.9, -6279.54, -6236.88, -6132.78, -6094.16, -6248.86, -6250.56, -6262.06, -6337.78, 
-6474.8, -6091.5, -6251.6, -6401.58, -6081.88, -6158.86, -6154.64, -6348.44, -6297.5, -6373.68, 
-6514.02, -6252.7, -6204.68, -6320.36, -6193.66, -6306.48, -6186, -6265.32, -6198.82, -6522.5, 
-6500.42, -6102.46, -6192.2, -6285.88, -6313.68, -6277.58, -6223.36, -6217.18, -6351.24, -6614.04, 
-6412.24, -6082.54, -6300.46, -6268.32, -6286.78, -6189.82, -6117.34, -6265.28, -6315.96, -6363.04, 
-6444.2, -6171.86, -6233.98, -6076.74, -6092.32, -6133.26, -6322.06, -6281.8, -6276.98, -6392.86, 
-6348.08, -6215.64, -6145.66, -6237.92, -6250.6, -6138.5, -6282.7, -6152.56, -6358.86, -6266.44, 
-6293.86, -6175.98, -6173.98, -6185.34, -6213.96, -5995.04, -6439.52, -6244.4, -6336.7, -6310.64, 
-6352.44, -6172.5, -6001.56, -6183.44, -6064.26, -6152.54, -6310.02, -6409.96, -6323.72, -6360.54, 
-6323.04, -6056.88, -6278.76, -6131.36, -6128.08, -6082.74, -6179.18, -6234.68, -6166.5, -6395.84, 
-6213.6, -6175.88, -6283.98, -5993.36, -6145.24, -6153, -6141.88, -6187.72, -6334.1, -6313.64, 
-6283.76, -6204.16, -6300.92, -6094.04, -6250.32, -6305.38, -6150.54, -6363.16, -6273.06, -6324.86, 
-6398.96, -6258.02, -6255.98, -6203.24, -6054.62, -6341.82, -6181.36, -6362.18, -6275.98, -6317.8, 
-6344.9, -6246.64, -6338.76, -6189.72, -6319.74, -6238.68, -6171.52, -6273.5, -6244.12, -6457.2, 
-6245.68, -6186.24, -6406.36, -6157.14, -6516.24, -6370.36, -6216.2, -6321.98, -6197.08, -6370.42, 
-6276.68, -6119.18, -6600.1, -6244.1, -6376.32, -6325.38, -6163.34, -6303.6, -6399.32, -6478.16, 
-6336.92, -6015.22, -6528.04, -6282.38, -6393.4, -6349.12, -6277.62, -6242.78, -6259.94, -6343.48, 
-6299.5, -6046.2, -6378.84, -6413.82, -6386.72, -6304.36, -6294.76, -6210.98, -6277.26, -6218.78, 
-6304.44, -6205.32, -6492.66, -6418.18, -6392.5, -6386.88, -6337.6, -6131.34, -6279.98, -6211.14, 
-6381.16, -6461.08, -6463.24, -6331.4, -6402.96, -6395.76, -6113.58, -5992.22, -6297.9, -6367.82, 
-6353.94, -6280.06, -6340.8, -6354.34, -6303.8, -6324.04, -6268.36, -6127.56, -6275.88, -6330.6, 
-6412.38, -6383.68, -6224.14, -6286.72, -6347.46, -6382.38, -6295.58, -6203.4, -6287.14, -6247.48, 
-6505.9, -6263.52, -6144.66, -6279.6, -6204.92, -6256.58, -6325.22, -6275.9, -6298.82, -6242.4, 
-6395.04, -6220.98, -6123.26, -6395.84, -6329.28, -6288.84, -6314.04, -6310.56, -6057.02, -6259.66, 
-6398.64, -6307.62, -6195.46, -6412.42, -6373.9, -6195.32, -6250.98, -6218.28, -6118.08, -6251.3, 
-6254.18, -6206.06, -6228.12, -6379.18, -6266.56, -6268.68, -6343.56, -6190.74, -6229.8, -6217.74, 
-6318.34, -6425.22, -6248.2, -6316.22, -6177.62, -6160.64, -6357.44, -6194.72, -6213.32, -6237.06, 
-6163.12, -6341.2, -6109.68, -6329.98, -6021.58, -6042.06, -6395.86, -6354.34, -6175.46, -6068.26, 
-6291.8, -6178.44, -6181.52, -6317.04, -5977.34, -6128.46, -6391, -6311.38, -6289.72, -6243.92, 
-6247.78, -6254.76, -6163.02, -6295.92, -6137.2, -6226.48, -6253, -6144.06, -6341.84, -6338.44, 
-6211.26, -6320.38, -6107.14, -6288, -6295.48, -6099.52, -6330.58, -6145.6, -6306.18, -6149.28, 
-6125.32, -6263.94, -6217.7, -6106.18, -6465.9, -6073.8, -6286.86, -6192.68, -6229.58, -6314.46, 
-6196.62, -6438.78, -6169.02, -6224.3, -6239.68, -6256.68, -6274.98, -6285.06, -6190.02, -6263.64, 
-6223.02, -6504.76, -6084.02, -6162.62, -6421.22, -6058.82, -6373.44, -6351.14, -6226.72, -6339.7, 
-6325.14, -6456.56, -6104.3, -6101.98, -6332.2, -6106.38, -6234.92, -6251.96, -6150.78, -6346.66, 
-6237.98, -6363.48, -6170.24, -6155.8, -6241.4, -6168.12, -6239.84, -6257.56, -6316.02, -6359.72, 
-6245.08, -6362.86, -6085.12, -6144.34, -6187.22, -6277.54, -6219.12, -6190.14, -6154.52, -6241.46, 
-6278.96, -6364.72, -6195.86, -6164.08, -6131.6, -6189.06, -6332.86, -6260.8, -6145.02, -6309.16, 
-6249.96, -6331.92, -6325.26, -6122.56, -6254.28, -6100.54, -6306.82, -6237.64, -6166.86, -6434.82, 
-6135.44, -6378.92, -6270.18, -6042.86, -6239.36, -6106.82, -6420.82, -6252.84, -6134.24, -6329.8, 
-6271.48, -6297.42, -6262.38, -6188.02, -6286.2, -6347.06, -6098.64, -6250.66, -6165.54, -6452.7, 
-6242.08, -6425.98, -6395.44, -6100.76, -6293.22, -6266.8, -6068.66, -6156.72, -6082.22, -6465.08, 
-6161.72, -6385.42, -6121.1, -5970.28, -6243.14, -6111.08, -6021.84, -6104.08, -6106.98, -6539.9, 
-6257, -6391.76, -6085.18, -6082.22, -6116.64, -6056.36, -5979.3, -5975.72, -6139.92, -6390.1, 
-6330.7, -6278.94, -6365.08, -6233.4, -6197.04, -6111.98, -6079.74, -6034.18, -6086.52, -6233.64, 
-6381.56, -6381.92, -6337.38, -6333.2, -6178.04, -6357.48, -6000.9, -6091.4, -6110.48, -6247.24, 
-6291.38, -6195.68, -6193.84, -6319.7, -6139.22, -6506.02, -6063.62, -5948.66, -6186.74, -6275.18, 
-6328.46, -6409.42, -6330.44, -6224.46, -6206.82, -6411.5, -6200.8, -6097.24, -6238.34, -6159.96, 
-6401.14, -6535.24, -6369.24, -6187.46, -6158.28, -6190.58, -6187.52, -6089.94, -6229.8, -6241.54, 
-6315.34, -6476.08, -6282.98, -6093.76, -6172.16, -6174, -6183.38, -6194.76, -6194.96, -6248.04, 
-6293.92, -6489.68, -6190.9, -6127.78, -6205.9, -6286.56, -6063.42, -6218.2, -6259.32, -6339.9, 
-6237.16, -6390.34, -6153.8, -6107.56, -6183.9, -6175.86, -6073.22, -6141.96, -6312.74, -6418.06, 
-6182.36, -6340.8, -6198.62, -6248.4, -6122.02, -6420.08, -6069.24, -6132.42, -6406.16, -6343.92, 
-6387.1, -6487.48, -6362.36, -6062.22, -6136.14, -6303.06, -6026.26, -6098.82, -6389.14, -6198.94, 
-6330.14, -6339.44, -6390.9, -6023.16, -6122.68, -6445.66, -6174.08, -6190.4, -6310.46, -6247, 
-6303.52, -6475.58, -6412.92, -6250.28, -6095.8, -6370.78, -5987.54, -6173.6, -6312.2, -6284.3, 
-6247.9, -6476.4, -6371.3, -6357.76, -6104.9, -6230.7, -5998.24, -6097.14, -6267.16, -6198.08, 
-6400.64, -6368.82, -6279.14, -6524.18, -6157.86, -6307.82, -6109.26, -6100.42, -6267.36, -6212.66, 
-6348.04, -6176.06, -6406.62, -6439.1, -6298, -6380.52, -6093.44, -6211.74, -6276.6, -6281.46, 
-6391.36, -6225.52, -6295.86, -6259.66, -6291.78, -6393.44, -6099.68, -6148.02, -6204.36, -6276.84, 
-6292.08, -6276.42, -6261.48, -6267, -6205.76, -6365.72, -6096.54, -6345.82, -6311.22, -6222.54, 
-6266.48, -6280.16, -6271.68, -6207.18, -6170.24, -6239.5, -6096.34, -6203.72, -6314.8, -6276.76, 
-6146.68, -6287.3, -6362.74, -6455.62, -6250.82, -6235.52, -6285, -6097.06, -6328.34, -6226.52, 
-6197.24, -6160.22, -6313.4, -6343.04, -6235.94, -6409.64, -6158.08, -6200.32, -6399.36, -6283.9, 
-6287.7, -6124.36, -6352.44, -6304.62, -6206.66, -6463.88, -6193.7, -6369.44, -6428.7, -6256.62, 
-6265.16, -6064.4, -6288.46, -6176.48, -6250.6, -6381.3, -6308.1, -6245.46, -6349.94, -6273.02, 
-6380.18, -6281.68, -6271.38, -6308.48, -6311.32, -6348.78, -6200.1, -6370.62, -6350.54, -6422.36, 
-6371.64, -6295.44, -6126.48, -6093.8, -6242.72, -6296.78, -6053.74, -6279.3, -6200.72, -6356.68, 
-6277.92, -6333.8, -6158.08, -6162.52, -6110.9, -6374.24, -6192.78, -6280.9, -6338.66, -6401.46, 
-6286.2, -6121.92, -6191.62, -6227.34, -6124.06, -6266.52, -6329.08, -6193.16, -6360.98, -6436.72, 
-6421.66, -6252.4, -6209.04, -6287.08, -6110.8, -6510.68, -6286.76, -6382.44, -6470.48, -6326.46, 
-6395.54, -6365.62, -6188.5, -6258.48, -6209.4, -6572.38, -6288.62, -6258.08, -6330.26, -6132.7, 
-6414.32, -6228.06, -6234.34, -6190.48, -6206.98, -6462.58, -6408.86, -6194.1, -6225.52, -6248.38, 
-6292.5, -6153.36, -6279.7, -6103.44, -6262.96, -6386.36, -6509.3, -6260.96, -6286.96, -6301.68, 
-6238.46, -6175.78, -6232.8, -6078.38, -6322.38, -6459.18, -6402.22, -6334.96, -6219.4, -6061.18, 
-6306.62, -6173.76, -6299.16, -6061.38, -6385.68, -6491.78, -6278.96, -6317.26, -6338.52, -6038.1, 
-6202.86, -6264.12, -6302.76, -6156.72, -6318.4, -6342.76, -6349.9, -6441.3, -6234.92, -5974.42, 
-6288.1, -6325.06, -6143.04, -6215.18, -6277.08, -6335.9, -6276.6, -6386.52, -6203.86, -6123.6, 
-6271.48, -6243.1, -6401.42, -6243.32, -6251.3, -6334.66, -6385, -6345.9, -6237.68, -6182.88, 
-6248.86, -6240.26, -6329.06, -6286.5, -6193.04, -6416.96, -6381.66, -6234.76, -6166.06, -6287.16, 
-6257.48, -6169.6, -6380.44, -6326.32, -6090.14, -6427.28, -6530.84, -6297, -6233.88, -6381.76, 
-6133.66, -6297.32, -6396.9, -6266.72, -6251.44, -6460.5, -6410.32, -6326.58, -6152.34, -6381.16, 
-6288.68, -6147.46, -6312.04, -6218.6, -6118.3, -6387.72, -6244.46, -6273.4, -6163.4, -6346.62, 
-6068.16, -6127.46, -6295.86, -6193.42, -6202.04, -6479.68, -6168.46, -6359.52, -6292.64, -6382.9, 
-6217.32, -6147.5, -6249.92, -6221.76, -6134.32, -6436.66, -6094.36, -6437.38, -6262.06, -6374.72, 
-6328.6, -6411.22, -6235.56, -6243.42, -6136.66, -6422.2, -6213.94, -6359.86, -6145.9, -6307.5, 
-6306.34, -6338.36, -6403.76, -6257.42, -6083.54, -6279.14, -6165.64, -6312.36, -6258.12, -6316.58, 
-6203.88, -6275.52, -6394.92, -6166.14, -6136.26, -6278.28, -6248.22, -6241.5, -6276.02, -6256.1, 
-6062.48, -6181.48, -6404.72, -6051.38, -6347.78, -6252.28, -6264.54, -6284.88, -6416.12, -6372.58, 
-6188.88, -6403.04, -6452.8, -6215.4, -6207.96, -6311.54, -6220.92, -6294.2, -6341.74, -6382.88, 
-6070.58, -6363.82, -6374.88, -6163.66, -6219.62, -6057.24, -6309.68, -6353.68, -6340.42, -6364.94, 
-6205.78, -6384.38, -6323.18, -6225.86, -6098.88, -6001.7, -6170.36, -6179.84, -6323.58, -6323.16, 
-5955.68, -6302.18, -6385.4, -6221.94, -6209.7, -6240.38, -6297.9, -6187.78, -6508.94, -6265.1, 
-6137.64, -6212.78, -6484.62, -6228.88, -6203.36, -6333.14, -6147.74, -6128.64, -6297.06, -6300.2, 
-6220.82, -6236.14, -6306.9, -6153.8, -6276.28, -6252.66, -6144.34, -6241.84, -6167.76, -6246.06, 
-6264.2, -6168.32, -6291.06, -6138.82, -6412.38, -6284.08, -6268.72, -6096.32, -6171.96, -6205.1, 
-6511.8, -6067.64, -6164.16, -6229.8, -6273.78, -6239.08, -6610.84, -6033.02, -6222.16, -6349.66, 
-6436.06, -6103.4, -6271.88, -6336.24, -6229.06, -6200.04, -6519.02, -6078.14, -6114.74, -6227.5, 
-6160.18, -6014.42, -6417.2, -6322.14, -6235.24, -6276.56, -6283.3, -6181.88, -6177.3, -6342.42, 
-6240.8, -6112.46, -6426.86, -6307.54, -6139.36, -6316.92, -6438.82, -5976.68, -6159.28, -6237.46, 
-6125.22, -6209.74, -6470.8, -6471.48, -6147.54, -6243.96, -6445.36, -6049.56, -6153.3, -6092.94, 
-6111.44, -6316.08, -6435.52, -6366.38, -6260.44, -6288.58, -6463.86, -6035.94, -6282.98, -6134.16, 
-6138.68, -6292.92, -6348.26, -6249.42, -6164.58, -6317.9, -6385.82, -6091.84, -6369.56, -6311.16, 
-6122.78, -6313.34, -6433.92, -6334.46, -6160.28, -6379.5, -6339.56, -6170.6, -6204.02, -6340.52, 
-6110.48, -6308.76, -6399.82, -6271.3, -6190.06, -6369.7, -6166.74, -6224.1, -6244.08, -6402.64, 
-6181.32, -6382.72, -6548.38, -6324.34, -6215.32, -6471.02, -6171.06, -6258.74, -6224.42, -6462.44, 
-6142.96, -6463.32, -6421.22, -6289.34, -6288.56, -6427.9, -6170.98, -6122.42, -6288.06, -6346.1, 
-6060.94, -6362.62, -6348.66, -6273.96, -6244.78, -6222.48, -6200.74, -6161.66, -6235.62, -6438.62, 
-5996.22, -6405.84, -6325.5, -6366.64, -6193.32, -6022.42, -6271.68, -6146.32, -6333.04, -6362.06, 
-6186.34, -6302.34, -6291.88, -6267.76, -6345.98, -6038.4, -6201.48, -6229.5, -6351.32, -6308.88, 
-6316.94, -6214.52, -6403.8, -6279.58, -6236.12, -6246.88, -6362.88, -6277.04, -6253.24, -6280.38, 
-6219.38, -6285.72, -6392.28, -6333.14, -6249.32, -6503.44, -6395.72, -6202.72, -6344.74, -6119.82, 
-6258.54, -6283.26, -6503.7, -6097.26, -6324.86, -6325.16, -6354.94, -6265.8, -6224.28, -6053.86, 
-6185.18, -6180.94, -6259.7, -6078.3, -6235.22, -6407.86, -6316.24, -6270.42, -6274.62, -6183.34, 
-6274.86, -6387.54, -6250.8, -6223.76, -6249.9, -6347.26, -6153.06, -6249.42, -6165.32, -6168.42, 
-6277.54, -6327.6, -6134.22, -6185.88, -6160.18, -6245.94, -6131.56, -6448.08, -6159.44, -6174.78, 
-6227.92, -6323.34, -6286.52, -6080.32, -6232.88, -6386.18, -6193.64, -6372.26, -6166.62, -6370.28, 
-6072.5, -6211.84, -6205.78, -6111.1, -6257.76, -6211.98, -6275.26, -6250.06, -6163.16, -6318.04, 
-6078.64, -6329.54, -6242.7, -6145.2, -6209.98, -6319.24, -6203.5, -6163.52, -6267.92, -6154.38, 
-6065.54, -6402.18, -6217.7, -6101.54, -6317.46, -6301.02, -6165.42, -6090.14, -6433.74, -6133.12, 
-6100.02, -6531.7, -6257.74, -6005.9, -6450, -6213.72, -6308.18, -6279.78, -6311.84, -6217.54, 
-6146.12, -6410.16, -6227.2, -6074.4, -6443.24, -6419.26, -6269.56, -6354.12, -6270.64, -6170.74, 
-6197.62, -6439.56, -6308.78, -6006.86, -6380.34, -6372.38, -6273.84, -6427, -6208.88, -6204.04, 
-6226.2, -6344.7, -6234.88, -6142.04, -6254.88, -6295.92, -6109.7, -6268.72, -6215.98, -6136.6, 
-6369.78, -6406.38, -6181.62, -6267.04, -6334.42, -6287.4, -6071.1, -6307.7, -6096.54, -6176.36, 
-6425, -6371.46, -6241.84, -6182.78, -6355.72, -6311.62, -6255.76, -6214, -6109.46, -6259.02, 
-6357.86, -6301.42, -6199.26, -6244.58, -6355.5, -6376.22, -6219.16, -6254.32, -6231.4, -6254.06, 
-6344.64, -6363.34, -6279.16, -6216.72, -6286.26, -6092.32, -6276.26, -6222.22, -6225.4, -6080.24, 
-6261.34, -6222.56, -6344.1, -6200.38, -6348.16, -6121, -6347.6, -6308.76, -6264.36, -6099.24, 
-6301.46, -6170.22, -6226.86, -6167.2, -6182.76, -6118.9, -6313.42, -6365.62, -6306.48, -6110.68, 
-6372.22, -6356.16, -6189.7, -6281.88, -6166.92, -6118.98, -6191.68, -6291.94, -6159.48, -6139.62, 
-6325.1, -6274.56, -6054.52, -6311.46, -6206.18, -5995.54, -6210.22, -6404.1, -6105.22, -6250.68, 
-6307.94, -6230.7, -6140.88, -6301.58, -6193.88, -6299.26, -6208.9, -6310.52, -6276.46, -6171.72, 
-6176.9, -6311, -6076.56, -6244.86, -6224.96, -6152.52, -6111.8, -6271.1, -6031.24, -6143.66, 
-6224.46, -6219.62, -6176.26, -6260.56, -6249.12, -6235.08, -6132.16, -6396.92, -6040.94, -6370.86, 
-6239.2, -6350.52, -6037.26, -6434.08, -6168.44, -6056.26, -6114.54, -6329.32, -6102.7, -6441.44, 
-6391.32, -6334.7, -6059.72, -6261.26, -6185.36, -6141.5, -6307.5, -6410.88, -6097.04, -6330.64, 
-6352.14, -6379.22, -6040.94, -6239.98, -6086.38, -6248.98, -6212.16, -6307.86, -6079.86, -6337.5, 
-6304.32, -6290.72, -6091.4, -6274.98, -6260.56, -6260.56, -6207.42, -6265.44, -6128.6, -6208.66, 
-6223.64, -6279.36, -6285.36, -6458.18, -6289.7, -5993.12, -6262.2, -6151.4, -6299.38, -6332.58, 
-6307.86, -6251.42, -6172.06, -6397.04, -6302.76, -6003.18, -6191.12, -6300.44, -6162.12, -6529, 
-6314.7, -6226.36, -6234.38, -6345.58, -6212.54, -6126.08, -6288.96, -6126.1, -6145.96, -6552.26, 
-6173, -6124.68, -6102.44, -6306.38, -6158.36, -6081.56, -6283.56, -6216.1, -6251.42, -6416.8, 
-6298.42, -6011.28, -6320.34, -6429.88, -6072.24, -6107.34, -6250.9, -6242.04, -6236.22, -6305.66, 
-6267.06, -6030.4, -6258.88, -6428.88, -5961.82, -6202.04, -6226.24, -6216.16, -6201.16, -6372.42, 
-6248.8, -6111.44, -6203.04, -6454.48, -6094.84, -6105.1, -6198, -6238.02, -6140.22, -6427.34, 
-6081.6, -6028.96, -6166.62, -6397.6, -6245.46, -6136.66, -6138.82, -6179.26, -6111.48, -6494.4, 
-6069.56, -6122.72, -6147.86, -6216.7, -6180.98, -6213.38, -6209.08, -6171.7, -6212.4, -6451.04, 
-6076.06, -6154.2, -6173.5, -6264.12, -5994.88, -6207.56, -6217.14, -6155.82, -6062.38, -6474.14, 
-6125.52, -6126.76, -6173.18, -6288.32, -6032.7, -6149.18, -6160.08, -5980.82, -6173.92, -6453.62, 
-6094.24, -6152.54, -6258.04, -6405.1, -6084.38, -6116.6, -6164.78, -6173.62, -6132.76, -6390.42, 
-6134.22, -6133.22, -6304.88, -6369.54, -6215.62, -6277.46, -6284.74, -6177.12, -6125.44, -6252.42, 
-6169.76, -6243.64, -6303.26, -6429.3, -6119.5, -6324.9, -6309.56, -6274.92, -6147.4, -6171.66, 
-6056.46, -6297.28, -6235.92, -6218.98, -6208.54, -6322.32, -6222.58, -6357.58, -6187.62, -6210.82, 
-6100.26, -6264.52, -6264.6, -6310.22, -6135.1, -6304.18, -6337.46, -6189.5, -6169.12, -6248.42, 
-6300, -6172.82, -6458.6, -6364.56, -6178.56, -6265.58, -6332.28, -6148.74, -6159.4, -6314.9, 
-6318.54, -6248.66, -6322.34, -6220.68, -6170.26, -6192.24, -6365.5, -6270.34, -6280.1, -6491.44, 
-6326.7, -6376.64, -6234.68, -6068, -6207.04, -6174.72, -6402.98, -6207.18, -6167.88, -6293.2, 
-6191.62, -6326.24, -6130.28, -6210.5, -6123.24, -6144.68, -6418.26, -6240.46, -6284.16, -6308.08, 
-6512.44, -6346.78, -6165.88, -6158.02, -6258.02, -6224.34, -6325.68, -6246.6, -6369.26, -6341.96, 
-6259.7, -6294.56, -6212.96, -6249.16, -6112.48, -6286.92, -6349.14, -6295.4, -6378.32, -6282, 
-6391.2, -6283.38, -6308.58, -6179.26, -6089.24, -6244.64, -6122.74, -6490.22, -6441.46, -6299.82, 
-6261.22, -6234.28, -6378.26, -6209.02, -6119.34, -6286.58, -6208.72, -6373.42, -6327.12, -6311.88, 
-6228.66, -6178.96, -6391.82, -6182.58, -6219.84, -6316.1, -6109.88, -6411.34, -6260.76, -6294.36, 
-6344.5, -6156.28, -6315.56, -6119.92, -6174.76, -6231.52, -6153.3, -6355.38, -6210.46, -6085.6, 
-6237.2, -6263.3, -6359.32, -5976.56, -6150.8, -6317.56, -6316.44, -6375.26, -6225.02, -6073.74, 
-6276.56, -6302.86, -6238.46, -6046.96, -6112.66, -6186.78, -6330.08, -6346.68, -6202.64, -6057.78, 
-6348.1, -6350.6, -6346.54, -6109.62, -6158.04, -6342.98, -6404.92, -6337.38, -6184.36, -5995.16, 
-6244.28, -6386.38, -6237.3, -6129.7, -6103.4, -6184.98, -6184.96, -6411.62, -6299.08, -5847.46, 
-6363.14, -6272.34, -6106.46, -6158.24, -5949.66, -6114.68, -6270.34, -6321.02, -6396.52, -5975.08, 
-6315.3, -6315.74, -6226.96, -6221.86, -6055.62, -6202.72, -6140.48, -6215.92, -6387.36, -6030.24, 
-6344.3, -6253.74, -6134.28, -6501.72, -6107.6, -6140.92, -6198.08, -6316.02, -6207.26, -6140.14, 
-6280.06, -6111.64, -6061.7, -6313, -6269.2, -6132.58, -6297.24, -6250.9, -6187.94, -6205.86, 
-6306.96, -6201, -6087.84, -6451.18, -6313.42, -6262.92, -6254.62, -6075.2, -6331.64, -6366.76, 
-6303.04, -6167.54, -6170.02, -6205.52, -6204, -6195.02, -6389.84, -6116.52, -6271.08, -6289.24, 
-6336.68, -5958.84, -6178.58, -6172.48, -6257.7, -6121.7, -6470.04, -6107.58, -6147.88, -6280.42, 
-6160.64, -6146.48, -6187.16, -6306.96, -6342.98, -6185.6, -6406.14, -6286.02, -6309.92, -6412.44, 
-6245.32, -6073.82, -6435.3, -6256.18, -6455.18, -6087.18, -6352.58, -6341.6, -6471.16, -6307.12, 
-6236, -6144.68, -6323.22, -6250.74, -6329.9, -6087.76, -6367.98, -6271.66, -6198.36, -6211.98, 
-6399.92, -6155.36, -6216.44, -6248.42, -6120.82, -6221.12, -6311.18, -6373.3, -6210.94, -6248.58, 
-6341.9, -6146.06, -6311.78, -6298.22, -6317.58, -6211.74, -6354.46, -6323.06, -6379.82, -6387.56, 
-6304.14, -6281.98, -6270.2, -6185.24, -6355.16, -6304.1, -6357.14, -6188.7, -6205.3, -6218.96, 
-6240.76, -6176, -6225.58, -6272.08, -6346.88, -6236.48, -6347.6, -6202.98, -6118.3, -6350.92, 
-6300.52, -6199.52, -6123.3, -6265.24, -6216.5, -6320.2, -6356.88, -6147.1, -6092.32, -6271.72, 
-6476.86, -6019.62, -6124.24, -6274.62, -6327.38, -6278.56, -6251.52, -6122.36, -6122.78, -6234.94, 
-6336.48, -5993.98, -6188.12, -6234.56, -6242.08, -5982.96, -6210.02, -6248.2, -6227.74, -6244.44, 
-6418.28, -6049.88, -6249.02, -6246.84, -6216.16, -6298.1, -6220.36, -6361.82, -6244.4, -6202.1, 
-6446.54, -6180.92, -6156.82, -6400.96, -6352.04, -6292.18, -6371.82, -6329.5, -6264.8, -6080.96, 
-6436.72, -6221.84, -6186.12, -6238.42, -6404.88, -6185.14, -6308.1, -6316.4, -6150.18, -6041.02, 
-6449.98, -6133.46, -6241.22, -6329.16, -6399.84, -6025.24, -6413.4, -6291.5, -6156.92, -6324.04, 
-6531.8, -6123.5, -6195.64, -6400.52, -6265.8, -6148.36, -6455, -6268.14, -6176.44, -6256.04, 
-6500.64, -6054.6, -6227.84, -6447.92, -6226.46, -6160.18, -6306.78, -6370.12, -6129.88, -6097.7, 
-6328.12, -6057.52, -6428.36, -6342.74, -6300.44, -6225.24, -6293.7, -6349.18, -6089.76, -6269.92, 
-6330.28, -6060.34, -6385.92, -6402.46, -6323.5, -6330.62, -6263.76, -6286.38, -6311.92, -6239.46, 
-6160.32, -6141.46, -6458.62, -6319.86, -6140, -6460.98, -6291.86, -6166.94, -6155.1, -6249.68, 
-6277.28, -6194.24, -6464.66, -6477.52, -6178.88, -6484.7, -6306.02, -6183.22, -6197.36, -6153.14, 
-6316.16, -6129.06, -6383.38, -6446.06, -6279.86, -6454.22, -6321.46, -6153.42, -6132.38, -6158.24, 
-6346.94, -6193.16, -6344.36, -6398.22, -6336.86, -6323.66, -6295.42, -6181.96, -6367.04, -6106.3, 
-6320.7, -6118.06, -6301.76, -6344.28, -6244.3, -6287.22, -6216.52, -6197.52, -6300.86, -6091.34, 
-6312.44, -6282.06, -6249.98, -6436.24, -6213.88, -6301.96, -6389.12, -6123.72, -6296.26, -6021.56, 
-6244.34, -6312.72, -6410.4, -6242.28, -6232.08, -6208.02, -6249.6, -6220.3, -6242.82, -6076.24, 
-6354.02, -6272.3, -6397.22, -6202.36, -6255.62, -6327.62, -6104.18, -6129.6, -6213.34, -5990.42, 
-6234.44, -6252.44, -6374.14, -6271.02, -6019.62, -6264.2, -6196.76, -6046.2, -6146.66, -6076.52, 
-6173.38, -6329.9, -6388.18, -6422.24, -5971.98, -6267.42, -6166.16, -6003.8, -6133.64, -5954.86, 
-6108.7, -6359.06, -6567.7, -6388.42, -6030.72, -6390.36, -6162.34, -6124.44, -6229.46, -6081.1, 
-6035.62, -6407.08, -6494.02, -6264.66, -6143.84, -6353.84, -6343.58, -6161.56, -6333.94, -6293.46, 
-6056.06, -6175.26, -6436.7, -6171.84, -6130.66, -6296.8, -6288.14, -6280.02, -6262.84, -6276.08, 
-6347.52, -6314.04, -6513.3, -6229.28, -6147.62, -6218.3, -6233.9, -6226.94, -6151.32, -6329.1, 
-6335.46, -6243.56, -6433.02, -6179.72, -6069.74, -6380.7, -6267.92, -6379.78, -6306.38, -6323.44, 
-6234.84, -6047.08, -6343.5, -6223.56, -6129.9, -6366.86, -6254.3, -6172.58, -6309.22, -6328.36, 
-6234.6, -6071.56, -6273.56, -6279.6, -6227.32, -6291.8, -6224.4, -6268.36, -6349, -6290.36, 
-6235.38, -6182.06, -6413.1, -6184.62, -6052.74, -6199.98, -6118.96, -6167.7, -6454.48, -6232.22, 
-6277.98, -6243.4, -6382.02, -6275.02, -6098.76, -6194.22, -6192.72, -5992.64, -6292.74, -6213, 
-6276.12, -6282.42, -6337.26, -6258.88, -6108.16, -6115.16, -6086.32, -6037.88, -6305.82, -6242.62, 
-6290.56, -6293.58, -6426.34, -6247.46, -6261.18, -6169.6, -6191.24, -6085.52, -6147.9, -6273.2, 
-6246.76, -6105.52, -6327.8, -6264.72, -6263.34, -6244.5, -6185.58, -6099.32, -6112.86, -6350.02, 
-6123.6, -6310.94, -6283.02, -6246.68, -6210.4, -6188.32, -6355.62, -6134.46, -6337.88, -6211.86, 
-6125.76, -6241.48, -6332.2, -6275.44, -6214.26, -6299.2, -6413.68, -6085.18, -6292.66, -6352.26, 
-6150.94, -6168.74, -6233.8, -6281.06, -6145.66, -6238.72, -6351.6, -6173.44, -6266.02, -6273.86, 
-6171.7, -6159.3, -6234.76, -6343.34, -6051.5, -6398.64, -6257.84, -6262.14, -6256.18, -6229.56, 
-6213.42, -6137.78, -6065.94, -6196.48, -6132.4, -6291.82, -6216.72, -6130.1, -6195.42, -6216.08, 
-6354.94, -6187.78, -6166.94, -6326.7, -6079.58, -6273.52, -6271.66, -6219.8, -6176.26, -6286.14, 
-6479.98, -6127.6, -6162.48, -6219.36, -6171.42, -6228.86, -6252.12, -6062.58, -6266.88, -6239.92, 
-6236.4, -6282.66, -6350.4, -6140.56, -6179.14, -6116.82, -6340.78, -6130.38, -6226.62, -6261.06, 
-6229.44, -6293.54, -6305.08, -6307.88, -6331.32, -6113.54, -6327.14, -6198.14, -6194.42, -6302.28, 
-6303.48, -6141, -6227.22, -6467.3, -6299.36, -6185.42, -6199.94, -6330.84, -6049.3, -6176.06, 
-6208.1, -6174.14, -6168.5, -6493.18, -6109.4, -6244.8, -6118.98, -6240.16, -6282.2, -6118.24, 
-6265.74, -6125.52, -6204.88, -6159.26, -6082.68, -6177.76, -6072.6, -6345.9, -6255.76, -6186.74, 
-6310.48, -6035.02, -6312.62, -6359.36, -6186, -6194.68, -6046.58, -6298.64, -6238.08, -6169.6, 
-6244.08, -6279.76, -6300.66, -6355.9, -6137.24, -6333.54, -5964.3, -6321.84, -6182.5, -6070.88, 
-6450.2, -6217.5, -6282.38, -6340.78, -6144.16, -6308.12, -6068.34, -6301.6, -5918.86, -6139.94, 
-6398.34, -6168.72, -6233.64, -6340.42, -6161.1, -6399.78, -6067.66, -6188.52, -5941.24, -6060.24, 
-6314.68, -6137.46, -6287.5, -6321.96, -6298.72, -6266.2, -6218.16, -6388.46, -5972, -6199.52, 
-6235.48, -6053.46, -6365.38, -6239.08, -6274.44, -6287.66, -6143.08, -6285.8, -5994.26, -6074.26, 
-6249.56, -6143.86, -6186.98, -6420.72, -6251.36, -6238.26, -6158.64, -6255.76, -6113, -6011.74, 
-6143.98, -6117.04, -6254.38, -6373.72, -6365.22, -6408.72, -6244.26, -6230.96, -6146.1, -6080.54, 
-6227.36, -6224.4, -6225.26, -6301.18, -6248.18, -6316.92, -6253.08, -6322.04, -6147.34, -6209.62, 
-6414.38, -6122.14, -6271.44, -6365.98, -6212.04, -6121.48, -6207.12, -6096.12, -6059.42, -6007.98, 
-6278.52, -6307.92, -6279.22, -6252.34, -6398.02, -6248.66, -6234.98, -6101.64, -6092.38, -6178.24, 
-6316.2, -6174.32, -6229.72, -6166.66, -6331.72, -6292.96, -6213.16, -6182.76, -6204.16, -6199.44, 
-6297.72, -6154.22, -6112.4, -6111.18, -6415.6, -6291.92, -6170.98, -6496.8, -6111.48, -6068.64, 
-6429.8, -6107.08, -6262.22, -6214.36, -6337.34, -6374.76, -6104.44, -6443.24, -6169.28, -6186.74, 
-6253.08, -6149.52, -6186.64, -6198.9, -6334.46, -6200.96, -6134.68, -6413.28, -6104.56, -6134.54, 
-6251.46, -6160.52, -6219.16, -6137.8, -6427.78, -6182.26, -6210.98, -6518.42, -6238.22, -6210.64, 
-6229.82, -6328.64, -6293.48, -6251, -6333.3, -6271.76, -6239.4, -6368.12, -6253.44, -6177.66, 
-6324.62, -6283.96, -6373.62, -6302.32, -6153.84, -6078.48, -6213.04, -6232.08, -6171.48, -6050.4, 
-6256.04, -6288.22, -6237.04, -6202.68, -6117.2, -6076.18, -6141.04, -6196.24, -6185.8, -6071.28, 
-6268.38, -6497.66, -6233.62, -6194.56, -6154.4, -6126.44, -6163.74, -6275.46, -6164.08, -6225.46, 
-6183.24, -6282.9, -6158.44, -6259.8, -6252.68, -6078.34, -6307.28, -6218.42, -6208.82, -6240.74, 
-6219.14, -6147.34, -6244.44, -6189.1, -6266.58, -6113.46, -6191.28, -6127.08, -6019.2, -6122, 
-6269.48, -6174.68, -6261.36, -6317.68, -6088.1, -6085.82, -6091, -6104.64, -6144.68, -6224.12, 
-6301.46, -6185.66, -6094.86, -6155.74, -6125.5, -6149.92, -6240.94, -5989.74, -6163.04, -6193.06, 
-6206.16, -6163.58, -6280.42, -6217.36, -6161.56, -6053.88, -6294.54, -6139.28, -6236.96, -6072.72, 
-6278.84, -6091.38, -6039.1, -6130.16, -6267.48, -6079.72, -6380.38, -6143.48, -6241.5, -6187.26, 
-6231.14, -6148.3, -6054.18, -6167.58, -6058.4, -6147.84, -6308.48, -6015.58, -6221.38, -6181.96, 
-6240.74, -6118.06, -6170.14, -6038.42, -6089.14, -6148.02, -6313.94, -6283.66, -5978.06, -6220.28, 
-6232.86, -6225.32, -6106.12, -6150.54, -5941.22, -6209.14, -6198.98, -6133.64, -6046.02, -6096.08, 
-6333.98, -6298.44, -6295.8, -5962.4, -5917.1, -6175.66, -6271.74, -6103.34, -6181.2, -6154.5, 
-6451.18, -6202.52, -6317.34, -6105.88, -5967.16, -6206.44, -6282.92, -6121.72, -6195.22, -6256.98, 
-6440.7, -6134.12, -6323.22, -6001.94, -5997.66, -6171.86, -6142.74, -6107.52, -6048.24, -6158.96, 
-6431.66, -6269.42, -6217.88, -6029.42, -6095.54, -6322.46, -6129.68, -6162.88, -6124.2, -6321.74, 
-6350.42, -6306.56, -6169.88, -6081.8, -5987.72, -6280.4, -6106.66, -6230.62, -6216.3, -6263.46, 
-6460.9, -6309.48, -6209.6, -6319.54, -6025.98, -6230.9, -6157.1, -6106.34, -6331.02, -6275.5, 
-6260.18, -6210.78, -6128.86, -6222.86, -6107.02, -6202.88, -6096.76, -6183.38, -6253.66, -6149.34, 
-6211.14, -6252.68, -6232.98, -6222.24, -6081.94, -6207.46, -6157.64, -6270.94, -6302.58, -6220.56, 
-6171.22, -6350.74, -6078.74, -6104.5, -6038.72, -6222.12, -6174.58, -6272.26, -6372.58, -6291.74, 
-6242.8, -6309.2, -6026.24, -6109.66, -6198.82, -6271.14, -6275.16, -6352.68, -6226.82, -6375.78, 
-6334.5, -6146.8, -6160.74, -6061.66, -6161.34, -6199.36, -6284.02, -6259.86, -6205.76, -6343.48, 
-6280.94, -6303.96, -6316.84, -6081.1, -6237.84, -6244.28, -6333.56, -6169.36, -6092.52, -6344.68, 
-6288.52, -6202.72, -6328.32, -6093.52, -6265.76, -6160.74, -6483.26, -6246.86, -6081.12, -6415.5, 
-6181.82, -6210.6, -6359.94, -5959.82, -6312.46, -6265.66, -6417.98, -6431.2, -6173.26, -6364.2, 
-6164.38, -6076.1, -6375.08, -6033.48, -6254, -6391.8, -6333.7, -6375.74, -6031.8, -6394, 
-6246.22, -6184.44, -6379.4, -6038.88, -6217.2, -6220.36, -6277.48, -6134.62, -6084.2, -6264.3, 
-6121.82, -6118.76, -6330.84, -5871.06, -6067, -6321.42, -6299.88, -5992.64, -6170.86, -6395.12, 
-6136.48, -6066.52, -6158.3, -6035.74, -6074.54, -6251.52, -6349.5, -6002.46, -6176.6, -6373.22, 
-6304.18, -5873.5, -6083.84, -6103.02, -6225.96, -6123.54, -6567.58, -6048.14, -6310.9, -6283.04, 
-6321.74, -6005.48, -6332.76, -6198.64, -6103.78, -6200.94, -6495.02, -6179.44, -6120.94, -6348.56, 
-6332.18, -6044.2, -6201.58, -6190.56, -6228.94, -6186.16, -6448, -6238.76, -6286.14, -6199.48, 
-6337.04, -6136.46, -6271.76, -6181.96, -6313.56, -6189.62, -6470.28, -6185.82, -6205.82, -6318.34, 
-6505.04, -6055.58, -6144.28, -6099.26, -6183.78, -6182.68, -6299, -6214.54, -6136.34, -6271.64, 
-6369.08, -6141.12, -6049.38, -6069, -6326, -6195.94, -6457.84, -6081.78, -6296.08, -6383.44, 
-6371.92, -6248.34, -6104.04, -6034.62, -6233.26, -6214.3, -6301.42, -6185.96, -6431.96, -6365.24, 
-6380.04, -6300.54, -6158.98, -6249.04, -6277.82, -6193.06, -6270.28, -6106.06, -6420.22, -6240.36, 
-6394.56, -6253.1, -6177.16, -6219.88, -6409.7, -6044.78, -6212.52, -6232.56, -6352.14, -6124.86, 
-6288.44, -6245.78, -6191.74, -6333.46, -6334.4, -6087.16, -6168.2, -6020, -6270.8, -5886.64, 
-6224.3, -6175.28, -6253.6, -6283.16, -6369.94, -6242.44, -6106.32, -6002.86, -6267.44, -5875.22, 
-6157.18, -6078.5, -6171.36, -6216.14, -6402.94, -6239, -6083.7, -5927.74, -6313.36, -6084.06, 
-6077.84, -6109.8, -6069.22, -6340.74, -6363.06, -6200.98, -5958.2, -5966.6, -6425, -6153.02, 
-6189.62, -6139.7, -6135.72, -6235.7, -6323.62, -6229.8, -5927.24, -6146.14, -6247.46, -6155.16, 
-6074.14, -6127.66, -6310.02, -6240.78, -6450.86, -6256.7, -5960.26, -6188.46, -6201.86, -6109.8, 
-6253.72, -6267.54, -6332.64, -6098.98, -6541.44, -6378.38, -6212.8, -6218.84, -6412.02, -6222.44, 
-6294.8, -6140.58, -6398.34, -6040.38, -6432.28, -6454.62, -6175.26, -6185.54, -6339.82, -6363.72, 
-6214.14, -6281.92, -6377.38, -6004.74, -6456.34, -6255.46, -6270, -6065.9, -6327.96, -6202.52, 
-6189.84, -6353.64, -6367.72, -5967.92, -6267.46, -6251.82, -6109.06, -6180.24, -6246, -6202.94, 
-6229.16, -6415.6, -6473.5, -6038.42, -6151.82, -6268.48, -6153.16, -6212.28, -6326.44, -6340.84, 
-6201.5, -6273.28, -6409.3, -6144.9, -6168.58, -6241, -6124.9, -6383.9, -6380.2, -6311.2, 
-6324.5, -6330.64, -6382.14, -6140.7, -6223.48, -6314.74, -6046.78, -6356.04, -6404.76, -6290.08, 
-6269.94, -6308.04, -6410.28, -5898.74, -6230.36, -6275.1, -6212.36, -6367.9, -6490.58, -6336.36, 
-6210.04, -6172.9, -6368.66, -5885.52, -6124.02, -6225.74, -6326.96, -6224.56, -6462.56, -6334.84, 
-6156.2, -6119.18, -6318.92, -6142.3, -6379.26, -6363.26, -6238.32, -6286.36, -6449.5, -6459.92, 
-6139.84, -6228.58, -6334.82, -6021.92, -6275.16, -6474.72, -6165.48, -6252.5, -6292.4, -6449.52, 
-6038.58, -6199.82, -6368.62, -6057.22, -6386.62, -6457.36, -6196.02, -6214.28, -6305.48, -6235.84, 
-6077.94, -6080.74, -6235, -5986.66, -6354.68, -6292.52, -6200.54, -6188.44, -6256.38, -6290.04, 
-6242.92, -6140.36, -6199.8, -6021.9, -6306.74, -6286.52, -6174.38, -6267, -6291.66, -6407.36, 
-6233.66, -6219.92, -6342.28, -6123.02, -6468.62, -6290.86, -6097.64, -6285.5, -6365.18, -6495.46, 
-6185.1, -6170.2, -6167.78, -6098.6, -6481.56, -6157.54, -6008.46, -6106.74, -6267.06, -6356.26, 
-6282.32, -6193.44, -6200.84, -6132.2, -6297.38, -6093.16, -6096, -6058.32, -6280.22, -6448.56, 
-6280.98, -6289.96, -6289.44, -6036.46, -6284.06, -6237, -6056.52, -6229.1, -6273.22, -6477.08, 
-6200.42, -6183.12, -6161.18, -5985.06, -6148.66, -6219.14, -6165.46, -6109.52, -6447.08, -6306.56, 
-6109.74, -6197.98, -6121.92, -5992.22, -6236.92, -6380.62, -6158.56, -6121.84, -6354.52, -6340.68, 
-6093.72, -6152.54, -6173.14, -6000.04, -6267.76, -6297.02, -6312.54, -6093.9, -6341.4, -6464.06, 
-6291.74, -6238.22, -6341.94, -6120.52, -6313.28, -6369.58, -6261.98, -6107.32, -6333.86, -6280.1, 
-6409.48, -6213.18, -6474.4, -6085.5, -6388.2, -6224.02, -6259.02, -6078.22, -6346.9, -6266.42, 
-6403.34, -6285.18, -6385.98, -6200.96, -6112.64, -6406.36, -6220.14, -6012.68, -6271.4, -6350.36, 
-6432.94, -6218.34, -6251.4, -6272.66, -6186.6, -6256.94, -6323.64, -5979.22, -6248.92, -6300.78, 
-6371.18, -6254.18, -6381.9, -6192.04, -6355.56, -6304.92, -6238.96, -6171.06, -6385.56, -6311.16, 
-6378, -6231.08, -6429.28, -6223.38, -6368.62, -6375.26, -6181.42, -6200.8, -6297.46, -6331.04, 
-6399.96, -6232.52, -6208.04, -6187.34, -6458.32, -6411.8, -6292.88, -6237.42, -6245.84, -6363.18, 
-6217.7, -6324.22, -6189.82, -6203.52, -6374.5, -6327.4, -6277.44, -6169.9, -6332.82, -6428.58, 
-6242.92, -6357.64, -6287.04, -6227.44, -6482.54, -6250.82, -6334.7, -6205.66, -6372.34, -6464.88, 
-6262.02, -6439.1, -6163.5, -6171.18, -6384.44, -6296.82, -6274.46, -6245.82, -6395.36, -6527.08, 
-6103.88, -6375.64, -6194.48, -6265.12, -6334.08, -6317.22, -6147.74, -6146.04, -6309.12, -6510.36, 
-6124.6, -6186.06, -6217.08, -6198.26, -6402.22, -6378.48, -6173.34, -6227.64, -6299.34, -6474.28, 
-6164.2, -6200.34, -6154.72, -6295.56, -6424.18, -6370.52, -6192.58, -6173.66, -6283, -6432.66, 
-6205.24, -6250.84, -6307.74, -6292.5, -6306.74, -6342.08, -6169.1, -6276.78, -6293.88, -6340.92, 
-6245.48, -6191.1, -6328.24, -6198.42, -6208, -6171.04, -6169.8, -6160.9, -6288.32, -6337.52, 
-6240.5, -6110.5, -6229.98, -6235.66, -6331.64, -6383.06, -6236.38, -6112.34, -6289.56, -6397.3, 
-6249.34, -6048.32, -6135.7, -6392.82, -6333.34, -6339.74, -6293.2, -5993.58, -6312.68, -6245.88, 
-6091.32, -6081.66, -6062.3, -6366.62, -6297.04, -6236.9, -6225.76, -5959.84, -6447.32, -6275.24, 
-6119.8, -6074.58, -6266.36, -6349.4, -6269.16, -6256.08, -6282.34, -5981.14, -6344.98, -6233.54, 
-6134.1, -6135.2, -6196.02, -6303.8, -6253.66, -6268.1, -6312.66, -6068.76, -6331.42, -6119.4, 
-6171.1, -6303.08, -6196.36, -6336.36, -6327.38, -6161.22, -6209.6, -6228.64, -6379.98, -6233, 
-6044.34, -6194.88, -6279.48, -6311.2, -6261.34, -6322.84, -6353.74, -6130.84, -6378.46, -6194.56, 
-6165.68, -6164.8, -6312.88, -6317.06, -6183.54, -6226.82, -6423.28, -6099.62, -6487.82, -6149.28, 
-6033, -6200.44, -6292.06, -6244.54, -6186.52, -6270.04, -6384.46, -6110.8, -6256.76, -6292.96, 
-6002.8, -6093.42, -6357.04, -6394.06, -6364.64, -6197, -6369.42, -6075.88, -6236.72, -6391.48, 
-6013.64, -6046.14, -6357.26, -6380.08, -6333.68, -6226.56, -6364.02, -6098.64, -6255.2, -6412.82, 
-5960.9, -5898.84, -6282.96, -6379.62, -6398.24, -6154.76, -6287.36, -6085.74, -6419.24, -6258.38, 
-6055.2, -6072.26, -6184.68, -6406.6, -6298.86, -6311.38, -6253.62, -6235.66, -6294.64, -6376.8, 
-6001.44, -5927.3, -6256.48, -6282.04, -6346.42, -6250.36, -6301.78, -6235.76, -6077.62, -6346.96, 
-6151.42, -5943.84, -6245.88, -6284.86, -6358.26, -6307.56, -6432, -6234.3, -6180.16, -6242.48, 
-6169.54, -5956.36, -6272.44, -6246.88, -6191.6, -6345.4, -6431.08, -6253.58, -6235.04, -6197.46, 
-6321.34, -6108, -6212.74, -6251.9, -6291.48, -6410.36, -6073.62, -6047.78, -6324.3, -6116.2, 
-6210.54, -6227.76, -6313.78, -6361.96, -6230.7, -6206.68, -6247.26, -6101.74, -6211.34, -6226.26, 
-6302.08, -6041.28, -6338.72, -6281.66, -6172.84, -6368.96, -6256.26, -6163.64, -6282.72, -6341.16, 
-6348.36, -6197.1, -6245.42, -6204.4, -6252.02, -6314.16, -6267.52, -6027.98, -6115.78, -6251.1, 
-6377.12, -6117.38, -6223.96, -6222.5, -6204.08, -6328.64, -6349.68, -5898.68, -6217.66, -6279.68, 
-6312.1, -6111.18, -6149.04, -6327.16, -6309.24, -6277.62, -6441.56, -6021.78, -6255.8, -6415.88, 
-6214.98, -6064.92, -6261.48, -6240.74, -6157.96, -6069.66, -6357, -6057.78, -6381.32, -6394.8, 
-6258.56, -6055.82, -6070.4, -6269.58, -6167.16, -6043.28, -6352.68, -5983.2, -6358.8, -6358.24, 
-6273.96, -6135.34, -6089.1, -6330.54, -6093.98, -6132.44, -6310.18, -6012.76, -6308.54, -6345.62, 
-6194.48, -6054.26, -6079.86, -6333.22, -6113.82, -6209.56, -6239.56, -5929.56, -6392.5, -6359.4, 
-6224.5, -6119.02, -6216.28, -6190.18, -6103.84, -6262.5, -6137.94, -6028.32, -6290.94, -6229.28, 
-6168.42, -6126.94, -6204.66, -6118.16, -6393.28, -6353.04, -6185.58, -6058.66, -6515.52, -6100.52, 
-6174.16, -6192.88, -6188.08, -6246.5, -6412.52, -6418.36, -6127.2, -6154.78, -6345.5, -6142.12, 
-6170.52, -6190.64, -6173.9, -6281.96, -6521.3, -6437.18, -6168.78, -6181.28, -6279.36, -5936.66, 
-6245.08, -6207.1, -6318.32, -6411.88, -6463.74, -6318.86, -6110.86, -6174.98, -6299.34, -5871.74, 
-6144.16, -6105.66, -6303.02, -6283.8, -6390.96, -6385.4, -6152.4, -6154.7, -6224.04, -6001.6, 
-6273.4, -6153.1, -6204.78, -6268.62, -6298, -6377.44, -6021.56, -6004.36, -6108.56, -6307.58, 
-6317.42, -6105.66, -6221.04, -6362.44, -6307.66, -6317.6, -6038.6, -5962.88, -6102.22, -6196.1, 
-6303.4, -6290.62, -6274.16, -6390.4, -6197.38, -6276.42, -6180.62, -6003.3, -6157.4, -6202.18, 
-6396.04, -6212.92, -6266.22, -6391.48, -6272.36, -6288.8, -6079.5, -6238.42, -6336.14, -6207.62, 
-6247.42, -6364.44, -6378.22, -6352.24, -6305.96, -6401.82, -6184.26, -6115.92, -6329.72, -6055.3, 
-6238.78, -6084.5, -6310.6, -6314.34, -6270, -6317.06, -5957.06, -6131.58, -6240.32, -5966.54, 
-6178.54, -6091.96, -6235.48, -6191.66, -6298.68, -6239.04, -6079.86, -6059.64, -6399.52, -6172.56, 
-6197.56, -6148.3, -6303.18, -6070.02, -6383.96, -6191.3, -6179.46, -6027.3, -6350.2, -6208.66, 
-6106.06, -6204.14, -6365.3, -6045.42, -6407.96, -6369.4, -6070.14, -6036.32, -6316.74, -6037.62, 
-6178.94, -6107.14, -6300, -6046.58, -6346.14, -6374.38, -6138.42, -6078.14, -6418.32, -6214.74, 
-6193.12, -6163.06, -6221.62, -6305.88, -6365.02, -6213.32, -6163.66, -5979.32, -6476.42, -6182.58, 
-6337.38, -6083.86, -6290.78, -6205.36, -6293.1, -6351.36, -6107.82, -6086.86, -6452.5, -6319.06, 
-6338.88, -6151.98, -6397.1, -6254.6, -6432.46, -6312.68, -6092.58, -6278.68, -6343.56, -6308.54, 
-6281.22, -6087.14, -6318.96, -6104.18, -6340.62, -6241.06, -6124.38, -6111.26, -6219.12, -6195.1, 
-6044.76, -6061.98, -6372.48, -6093.84, -6416.34, -6281.96, -6105.48, -6017.8, -6288.36, -6055.68, 
-6182.56, -6071.08, -6348.42, -5975.46, -6302.14, -6206.8, -6019.9, -6259.18, -6256.76, -6179.18, 
-6104.28, -6153.12, -6191.44, -6063.18, -6311.56, -6225.84, -6060.06, -6187.96, -6205.86, -6141.22, 
-6148.24, -6240.18, -6238.48, -6158.62, -6322.42, -6330.46, -6057.68, -6379.3, -6253.36, -6033.84, 
-6176.6, -6234.02, -6223.12, -6201.68, -6317.06, -6240.2, -6210.06, -6182.86, -6302.76, -6079.34, 
-6327.08, -6293.54, -6199.34, -6342.72, -6219.06, -6348.68, -6248.5, -6183.58, -6311.42, -6098.64, 
-6298.72, -6299.82, -6279.88, -6313.56, -6247.02, -6251, -6137.3, -6129.6, -6307.3, -6122.6, 
-6258.54, -6272.02, -6172.42, -6275.5, -6173.96, -6175.84, -6221.98, -6196.68, -6272.08, -6141.28, 
-6182.54, -6337.58, -6232.5, -6330.82, -6170.78, -6089.92, -6244.94, -6424.72, -6367.74, -5966.32, 
-6228.58, -6239.64, -6397.04, -6270.82, -6305.22, -6212.56, -6137.12, -6415.22, -6337.56, -5905.04, 
-6255.44, -6249.02, -6406.48, -6193.74, -6374, -6117.6, -6036.02, -6212.3, -6301.76, -6120.18, 
-6232.34, -6252.62, -6210.46, -6263.58, -6225.24, -6055.06, -6158.18, -6273.68, -6174.66, -6232.4, 
-6190.18, -6286.08, -6136.02, -6423.56, -6208.32, -6105.92, -6275.5, -6160.42, -6359.48, -6348.74, 
-6114.66, -6304.76, -6078.28, -6422.9, -6221.54, -6185.14, -6237.34, -6054.84, -6182.2, -6268.24, 
-6004.52, -6277.52, -6139.12, -6338.22, -6252.32, -6352.1, -6059.3, -6111.24, -6322.14, -6268.82, 
-6048.94, -6252.4, -6098.66, -6301.1, -6209.6, -6455.5, -6052.42, -6029.76, -6322.34, -6267.78, 
-6151.56, -6339.22, -6243.18, -6216.6, -6164.08, -6315.28, -6180.72, -6061.18, -6163.2, -6108.92, 
-6226.46, -6424.32, -6283.1, -6374.28, -6296.48, -6502.74, -6051.56, -6144.06, -6265.54, -6175.06, 
-6220.1, -6251.76, -6364.24, -6172.22, -6434.42, -6290.8, -6167.52, -6252.48, -6182.1, -6249.98, 
-6241.68, -6290.4, -6171.82, -6313.16, -6286.58, -6166.28, -6209.18, -6351.66, -6250.14, -6205.8, 
-6154.52, -6264.76, -6270.02, -6398.76, -6199.08, -6178.22, -6363.08, -6211.88, -6181.56, -6117.78, 
-6081, -6257.02, -6319.06, -6293.46, -6183.4, -6379.96, -6172.82, -6080.52, -6093.96, -6210.9, 
-6001.18, -6289.18, -6145.38, -6285.44, -6240, -6382.58, -6239.5, -5941.3, -6323.22, -6066.2, 
-6121.58, -6253.66, -6052.58, -6134.72, -6169.82, -6353.64, -6333.06, -6095.26, -6252.98, -6122.2, 
-6174.54, -6422.96, -6016.68, -6270.9, -6312.46, -6268.12, -6279.04, -6168.02, -6180.82, -6126.92, 
-6164.94, -6432.26, -6120.84, -6324.18, -6225.48, -6261.56, -6275.6, -6203.08, -6181.6, -6138.4, 
-6189.46, -6393.26, -6197.38, -6236.32, -6170.88, -6073.08, -6243.4, -6111.14, -6330.74, -6141.52, 
-6138.1, -6382.54, -6350.78, -6335.06, -6303.26, -6185.1, -6181.2, -6153.88, -6306.7, -6226.76, 
-6124.88, -6348.78, -6344.42, -6289, -6385.18, -6367.76, -6163.7, -6116.2, -6367.22, -6323.26, 
-6101.32, -6231.38, -6273.56, -6270.74, -6216.48, -6340.64, -6150.74, -6188.7, -6391.2, -6270.26, 
-6045.36, -6233.66, -6168.06, -6248.8, -6282.86, -6488.44, -6407.5, -6221.1, -6376.48, -6298.36, 
-6138.8, -6369.42, -6064.62, -6348.38, -6300.08, -6318.98, -6226.32, -6204.26, -6375.38, -6409.54, 
-6153.84, -6434.04, -6294.96, -6404.12, -6215.04, -6232.34, -6271.26, -6299.78, -6382.84, -6387.96, 
-6042.44, -6516.28, -6219.46, -6347.48, -6192.78, -6384.96, -6077.56, -6202.4, -6403.4, -6329.32, 
-5968.04, -6400.38, -6358.86, -6245.08, -6215.56, -6245.18, -6010.96, -6138.44, -6426.7, -6180.58, 
-6075.82, -6331.48, -6259.04, -6242, -6220.52, -6227.5, -6110.26, -6323.62, -6358.44, -6300.3, 
-6246.9, -6398.58, -6241.46, -6224.34, -6174.76, -6275.36, -6180.06, -6233.7, -6267.52, -6147.44, 
-6055.56, -6390.76, -6162.82, -6231.18, -6192.3, -6317.54, -6202.94, -6271.08, -6226.72, -6258.74, 
-6213.58, -6236.56, -6229.6, -6287.58, -6092.42, -6240.16, -5999.32, -6252.22, -6204.02, -6145.24, 
-6153, -6131.98, -6183.02, -6272.2, -6091.94, -6208.9, -5994.96, -6265.64, -6096.2, -6255.04, 
-6158.16, -6138.4, -6162.7, -6268.7, -6155.36, -6264.46, -6244.44, -6404.02, -6170.02, -6222.44, 
-6136.52, -6219.44, -6196.14, -6360.78, -6110.7, -6259.44, -6086.66, -6485.58, -6185.04, -6314.88, 
-6037.42, -6187, -6231.44, -6423.96, -6164.78, -6340.2, -6104.56, -6434.68, -6217.32, -6368.58, 
-6204.76, -6285.48, -6229.26, -6465.56, -6218.26, -6258.84, -6047.72, -6427.64, -6192.02, -6347.72, 
-6119.86, -6326.24, -6185.68, -6376.86, -6227.64, -6105.84, -6180.56, -6343.18, -6330.52, -6240.94, 
-6232.76, -6150.76, -6133.12, -6223.02, -6048.84, -6215.62, -6336.86, -6496.18, -6285.26, -6202.44, 
-6312.9, -6261.2, -6120.82, -6301.08, -6157.14, -6339.26, -6191.66, -6537.1, -6336.94, -5970.96, 
-6295.8, -6252.72, -6195.62, -6284.9, -6183.34, -6240.58, -6160.84, -6445.56, -6279.4, -6087.12, 
-6226.16, -6325.18, -6141.76, -6195.72, -6196.68, -6223.2, -6363.7, -6453.44, -6330.96, -6237.38, 
-6336.18, -6363.94, -6107.46, -6053.44, -6198.94, -6254.54, -6445.7, -6509.16, -6360.06, -6198.16, 
-6340.38, -6279.76, -6023.06, -6043.28, -6224.88, -6188.1, -6337.54, -6356.32, -6244.04, -6099.72, 
-6369.44, -6288.7, -6068.84, -6158.74, -6165.28, -6108.24, -6335.32, -6215.06, -6188.74, -6249.84, 
-6379.6, -6319.96, -6161.62, -6187.58, -6089.36, -6325.22, -6377.94, -6413.52, -6116.04, -6178.1, 
-6435.84, -6281.46, -6085.82, -6148.6, -6068.24, -6205.1, -6174.62, -6268.64, -6216.26, -6275.94, 
-6387.12, -6303.92, -6066.7, -6155, -6153.82, -6134.34, -6313.04, -6396.3, -6253.58, -6264.58, 
-6188.84, -6268.98, -6188.64, -6206.9, -6054.14, -6176.64, -6331.3, -6332.62, -6236.66, -6080.98, 
-6310.88, -6199.38, -6218.32, -6195.9, -6099.66, -6136.82, -6296.36, -6361.06, -6054.64, -6060.8, 
-6181.08, -6360.02, -6155.68, -6209.88, -6133.96, -6192.76, -6251.72, -6505.66, -6115.26, -6022.76, 
-6176.28, -6376.1, -6104.42, -6304.84, -6192.44, -6197.26, -6156.44, -6314.2, -6177.74, -6182.64, 
-6224, -6421.72, -6043.82, -6255.48, -6313.94, -6392.16, -6146.12, -6314.2, -6227.26, -6106.12, 
-6193.18, -6343.2, -6151.78, -6364.56, -6259.1, -6283.02, -6258.54, -6397.36, -6187.66, -6110.54, 
-6332.84, -6325.1, -6101.94, -6155.58, -6224.62, -6179.26, -6098.78, -6503.54, -6416.3, -6269.08, 
-6377.3, -6333, -6146.08, -6157.14, -6215.28, -6298.84, -6043.28, -6470.74, -6453.04, -6319.48, 
-6286.84, -6268.52, -6263.46, -6188.12, -6228.58, -6335.9, -6189.2, -6384.98, -6319.2, -6258.44, 
-6186.88, -6318.16, -6294.62, -6099.94, -6263.26, -6263.94, -6207.72, -6393.88, -6226.92, -6276.42, 
-6092.52, -6331.16, -6294.76, -6207.06, -6208, -6075.54, -6269.52, -6391.96, -6177.72, -6226.4, 
-6098.84, -6354.58, -6338.8, -6218.2, -6245.94, -6269.34, -6225.78, -6411.66, -6224.56, -6169.2, 
-6165.58, -6219.22, -6270.02, -6403.56, -6240.44, -6131.88, -6294.52, -6419.12, -6232.12, -6102.08, 
-6256.3, -6229.6, -6166.88, -6370.3, -6312.66, -6205.24, -6267.68, -6293.58, -6254.14, -6144.18, 
-6275.32, -6322.12, -6194.28, -6434.64, -6338.18, -6177.08, -6208.46, -6228.16, -6374.92, -6126.06, 
-6264.76, -6424.74, -6302.76, -6465.44, -6286.48, -6056.18, -6071.16, -6168.3, -6198.4, -6285.26, 
-6160.3, -6305.06, -6249.48, -6533.52, -6297.34, -6166.04, -6113.54, -6068.34, -6081.86, -6108.94, 
-6238.42, -6356.48, -6194.4, -6375.32, -6320.94, -6059.36, -6296.52, -6135.72, -5990.5, -6107.82, 
-6202.1, -6205.08, -6268.26, -6546.92, -6301.98, -5996.32, -6243.98, -6240.48, -6042.7, -6132.64, 
-6289.24, -6358.14, -6217.14, -6422.34, -6369.62, -6141.62, -6184.22, -6323.28, -6104.34, -6155.04, 
-6350.16, -6206.3, -6196.38, -6493.52, -6075.54, -6163.98, -6242.46, -6120.58, -6104.88, -6362, 
-6249.94, -6112.8, -6335.26, -6585.02, -6172.94, -6225.86, -6262.46, -6184.98, -6104.48, -6418, 
-6254.78, -6262.14, -6232.52, -6467.66, -6047.3, -6265.96, -6353.14, -6159.92, -6269.58, -6402.58, 
-6221.46, -6226.46, -6201.98, -6415.9, -6089.74, -6190.64, -6325.38, -6334.32, -6288.42, -6239.88, 
-6236, -6329.88, -6226.62, -6446.06, -6071.88, -6197.32, -6169.64, -6206.28, -6304.46, -6281.26, 
-6254.66, -6367.72, -6293.48, -6428.9, -6070.26, -6221.38, -6153.5, -6280.18, -6335.08, -6155.76, 
-6141.36, -6259.52, -6195.4, -6346.32, -6148.44, -6286.58, -6202.82, -6273.4, -6190.12, -6394.4, 
-6345.22, -6196.72, -6230.04, -6145.36, -6148.94, -6348.84, -6195.82, -6221.24, -6065.52, -6192.94, 
-6414.46, -6347.3, -6102.34, -6040.56, -6242.44, -6338.76, -6206.28, -6256.42, -6081.16, -6179.1, 
-6401.58, -6212.14, -6148.6, -6240.94, -6318.68, -6282.36, -6260.74, -6175.28, -6172.32, -6158.72, 
-6384.58, -6192.64, -6202.38, -6358.98, -6360.3, -6302.26, -6248.06, -6330.96, -6234.08, -6158.5, 
-6394.24, -6255.58, -6098.12, -6392.7, -6278.14, -6121.54, -6211.68, -6342.52, -6247.82, -6171.64, 
-6404.34, -6332.94, -6082.2, -6440.16, -6305.4, -6070.46, -6132.18, -6350.74, -6198.62, -6026.26, 
-6478.02, -6299.08, -6244.9, -6401.48, -6092, -6188.5, -6142.4, -6310.2, -6272.04, -5840.06, 
-6387.32, -6291.66, -6251.02, -6366.46, -6217.64, -6224.02, -6191.22, -6220.94, -6362, -5969.84, 
-6241.86, -6485.94, -6260.92, -6291.08, -6183.86, -6285.36, -6414.98, -6324.86, -6383.7, -5964.64, 
-6282.78, -6391.52, -6217.7, -6409.56, -6212.86, -6217.8, -6268.22, -6412.44, -6443.48, -6039.5, 
-6286.96, -6154.32, -6275.32, -6339.04, -6213.78, -6155.4, -6242.6, -6458.24, -6346.8, -5970.6, 
-6239.6, -6121.74, -6197.22, -6249, -6181.32, -6343.38, -6422.14, -6418.54, -6209.42, -6137.44, 
-6269.3, -6269, -6222.06, -6106.54, -6240.48, -6220.16, -6253.82, -6371.38, -6291.32, -6113.6, 
-6154.74, -6243.18, -6054.06, -6227.2, -6316.24, -6171.16, -6195.6, -6373.22, -6261.72, -6105.38, 
-6235.82, -6258.56, -6166.52, -6204.4, -6194.44, -6081.92, -6155.26, -6348.08, -6246.62, -6182.66, 
-6137.38, -6237.68, -6100.9, -6277.82, -6184.18, -6137.62, -6339.66, -6235.96, -6240.12, -6052.46, 
-6035.84, -6071.5, -6106.24, -6410.46, -6252.28, -6268.18, -6210.4, -6298.68, -6297.34, -5969.56, 
-5983.46, -6312.28, -6036.36, -6328.72, -6250.12, -6230.62, -6262.86, -6398.92, -6211.8, -6087.18, 
-5988.1, -6272.56, -6196.8, -6280.94, -6257.08, -6234.48, -6329.24, -6150, -6268.2, -6267.78, 
-6057.42, -6187.8, -6253.14, -6252.8, -6298.22, -6152.4, -6277.5, -6276.44, -6229.12, -6272.98, 
-5984.98, -6223, -6110.96, -6247.68, -6197.86, -6273.6, -6257.44, -6317.54, -6206.16, -6310.84, 
-5974.36, -6196.14, -6218.82, -6168.72, -6228.58, -6346.82, -6307.78, -6199.64, -6196.86, -6289.26, 
-5927.12, -6116.38, -6091.18, -6249.84, -6399.86, -6282.52, -6221.28, -6141.24, -6150, -6229.76, 
-6103.04, -6277.88, -6214.24, -6176.08, -6392.48, -6376.68, -6199.98, -6233.64, -6102.18, -6099.26, 
-6072.54, -6352.2, -6157.14, -6005.26, -6296.96, -6294.38, -6167.44, -6309.18, -6166.3, -6194.58, 
-6077.06, -6177.98, -6317.66, -5992.52, -6237.58, -6270.96, -6121.3, -6408.1, -6306.48, -6269.94, 
-6272.24, -6049.34, -6352.56, -6156.24, -6209.1, -6290.68, -6112.96, -6305.96, -6262.04, -6116.94, 
-6270.94, -6243.64, -6221.96, -6078.2, -6228.92, -6213.94, -6282.88, -6340.32, -6296.48, -6240.02, 
-6353.9, -6268.28, -6183.66, -5960.2, -6468.34, -6048.74, -6296.5, -6239.24, -6249.46, -6250.64, 
-6256.14, -6371.62, -6233.42, -6122.72, -6386.98, -6119.7, -6316.8, -6200.92, -6158.6, -6210.66, 
-6281.54, -6220.24, -6311.36, -6057.62, -6251.02, -6119.12, -6239.32, -6270.88, -6209.8, -6193.62, 
-6398.52, -6241.94, -6186.06, -6090.28, -6273.14, -6224.62, -6172.24, -6264.66, -6350.2, -6099.02, 
-6262.58, -6336.5, -6243.72, -6089.26, -6142.06, -6158.18, -6262.02, -6328.2, -6189.96, -6272.88, 
-6333.7, -6355.58, -6027.64, -6068.32, -6103.4, -6134.24, -6235.86, -6501.34, -6244.04, -6243.9, 
-6245.88, -6390.06, -6077.64, -6186.48, -6169.24, -6177.56, -6258, -6453.76, -6291.9, -6139.32, 
-6266.5, -6332.06, -6268.36, -6193.06, -6260.44, -6241.04, -6214.9, -6456.08, -6334.26, -6222.5, 
-6289.58, -6281.66, -6227.42, -6139.32, -6258.12, -6136, -6057.46, -6437.42, -6350.3, -6268.28, 
-6295.3, -6272.72, -6054.7, -6144.28, -6180.72, -6380.8, -6127.28, -6409.62, -6374.06, -6312.24, 
-6209.62, -6338.66, -6208.98, -6151.2, -6226.3, -6189.98, -6317.5, -6377.76, -6186.58, -6359.42, 
-6187.06, -6133.6, -6274.22, -6077.52, -6381.26, -6132.14, -6360.32, -6376.5, -6129.74, -6268.8, 
-6341.68, -6234.56, -6241.04, -5904.78, -6344.1, -6290.96, -6282.28, -6268.98, -6173.2, -6356.02, 
-6181.8, -6311.1, -6146.52, -6084.12, -6185.46, -6387.52, -6414.24, -6163.9, -6193.86, -6242.7, 
-6201.4, -6339.68, -6272.28, -6210.46, -6213.88, -6343.04, -6258.74, -6263.6, -6325.88, -6122.42, 
-6149.64, -6452.34, -6203.82, -6021.98, -6386.06, -6189.32, -6334.76, -6280, -6516.2, -6227.82, 
-6074.18, -6200.66, -6122.24, -6141.86, -6273, -6464.7, -6302.58, -6311.02, -6442.54, -6343.98, 
-6165.36, -6258.94, -6236.02, -6172.44, -6270.04, -6447.14, -6280.8, -6324.38, -6373.82, -6290.26, 
-6274.02, -6176.5, -6104.68, -6080.64, -6273.18, -6282.56, -6419.38, -6351.04, -6332.96, -6202.64, 
-6125.62, -6166.88, -6229, -5977.66, -6231.7, -6273.8, -6481.14, -6332.2, -6278.86, -6123.14, 
-6309.92, -6136.58, -6165.98, -6004.52, -6139.92, -6168.58, -6329.5, -6256.58, -6336.06, -6105.76, 
-6183.46, -6166.14, -6119.22, -6105.46, -6229.8, -6416.08, -6330.18, -6345.14, -6378.46, -6087.42, 
-6177.9, -6161.2, -6329.56, -6088.98, -6247.38, -6266.12, -6400.98, -6371.64, -6426.18, -6105.72, 
-6349.44, -6353.94, -6305.62, -6241.98, -6270.8, -6297.68, -6374.74, -6308.04, -6345.18, -6053.28, 
-6260.88, -6536.06, -6373.46, -6313.42, -6113.44, -6218.94, -6302.48, -6262.36, -6370.96, -6144.06, 
-6328.88, -6393.16, -6247.82, -6363.04, -6177.4, -6295.22, -6158.18, -6207.98, -6397.02, -6125.98, 
-6306, -6258.9, -6304.68, -6326.22, -6198.44, -6295.78, -6286.46, -6286.02, -6443.72, -6316.22, 
-6237.46, -6284.26, -6328.4, -6277.82, -6226.4, -6169.04, -6240.82, -6246.72, -6239.1, -6262.08, 
-6179.44, -6501.14, -6348.38, -6250.74, -6079.34, -6116.8, -6233.94, -6164.24, -6145.04, -6242.18, 
-6292.8, -6454.16, -6321.5, -6181.72, -6159.06, -6155.56, -6193.8, -6166.1, -6283.22, -6305.52, 
-6291.26, -6367.12, -6318.94, -6172.48, -6287.42, -6163.82, -6162.74, -6155.48, -6421.94, -6330.74, 
-6270.48, -6324.82, -6126.82, -6155.9, -6356.58, -6102.18, -6171.28, -6076.12, -6312.76, -6173.62, 
-6353.46, -6323.88, -6197.74, -6169.98, -6329.88, -6003.3, -6284.76, -6172.44, -6160.26, -6088.84, 
-6247.4, -6316.2, -6209.44, -6222.4, -6466.42, -6102.42, -6323.68, -6272.64, -6280.76, -6005.54, 
-6369.52, -6346.78, -6456.3, -6295.8, -6477.74, -6264, -6427.32, -6206.72, -6453.18, -6038.48, 
-6248.48, -6419.92, -6247.24, -6203.46, -6244.44, -6379.16, -6367.3, -6191.2, -6378.38, -6152.98, 
-6168.86, -6149.8, -6174.38, -6225.46, -6293.9, -6305.12, -6264.1, -6101.34, -6214.06, -6234.74, 
-6370.88, -6039.04, -6215.46, -6145.92, -6335.4, -6268.98, -6203.82, -6178.98, -6226, -6225.04, 
-6376.02, -6039.74, -6284.58, -6164, -6311.3, -6196.48, -6395.28, -6117.9, -6377.6, -6363.36, 
-6406.36, -6126.88, -6252.18, -6199.24, -6366.16, -6240.02, -6331.9, -6231.14, -6356.52, -6251.52, 
-6438.7, -5975.52, -6228.62, -6312.46, -6194.82, -6204.64, -6474.62, -6349.72, -6425.08, -6284.24, 
-6470.32, -6055.96, -6178.26, -6293.96, -6264.42, -6101.62, -6319.64, -6292.66, -6405.4, -6262.3, 
-6291.9, -6155.3, -6153.52, -6253.52, -6153.38, -5982.44, -6237.48, -6261.26, -6183.86, -6257.1, 
-6158.92, -6234.28, -6085.92, -6005.24, -6185.66, -6061.64, -6302.72, -6297.92, -6060.94, -6222.56, 
-6187.62, -6296.8, -6340.74, -6109.42, -6238.88, -6158.38, -6258.2, -6333.86, -6143.38, -6127.3, 
-6208.7, -6139.9, -6218.38, -6143.32, -6315.74, -6167.14, -6417.08, -6240.3, -6230.08, -6090.6, 
-6215.88, -6148.86, -6262.92, -6031.66, -6302.06, -6152.68, -6294.92, -6253.82, -6198.86, -6112.14, 
-6188.06, -6180.34, -6312.56, -6009.64, -6345.9, -6163.4, -6469.1, -6123.66, -6180.52, -6154.22, 
-6278.68, -6288.86, -6332.86, -6149.82, -6389.3, -6272.7, -6554.26, -6189.92, -6137.56, -6133.6, 
-6325.14, -6185.52, -6209.98, -6146.6, -6297.76, -6196.96, -6538.74, -6277.3, -6158.38, -6162.92, 
-6292.72, -6121.96, -6198.94, -6113.08, -6415.36, -6240.16, -6398.72, -6221.54, -5997.6, -6184.16, 
-6253.8, -6069.88, -6167.78, -6141.78, -6402.24, -6174.52, -6307.18, -6332.74, -6016.04, -6154.4, 
-6404.8, -6160, -6229.9, -6086.96, -6305.6, -6221.62, -6239.36, -6347.86, -6016.76, -6205.36, 
-6320.24, -6213.74, -6269.94, -6182.42, -6347.52, -6110.64, -6200.3, -6201.54, -6139.56, -6191.72, 
-6238.8, -6263.54, -6199.62, -6238.82, -6313.16, -6174.28, -6230.64, -6180.06, -6269.98, -6184.8, 
-6248.48, -6341.32, -6162.72, -6191.04, -6377.44, -5940.1, -6345.98, -6000.08, -6259.06, -6191.12, 
-6236.32, -6386.74, -6326.08, -6161.6, -6328.9, -5879.64, -6287.36, -6042.22, -6402.66, -6203.12, 
-6356.18, -6392.62, -6173.06, -6064.56, -6458.18, -5889.54, -6324.1, -6072.76, -6394.98, -6198.26, 
-6393.06, -6258.78, -6060.16, -6179.92, -6367.8, -5916.74, -6252.92, -6157.8, -6373.12, -6163.08, 
-6248.18, -6324.16, -5926.62, -6016.08, -6454.48, -5955.46, -6302.52, -6113.6, -6341.62, -5856.36, 
-6068.68, -6209.02, -5949.88, -6015.06, -6396.96, -5958.12, -6262.14, -6003.06, -6226.44, -5952.7, 
-6113.14, -6166.38, -6093.94, -5904.5, -6561.18, -5966.78, -6236.1, -6128.2, -6254.82, -6106.38, 
-6123.24, -6064.3, -6098.56, -5943.08, -6399.08, -5935.44, -6375.36, -6055.96, -6226.48, -6161.42, 
-6129.2, -6230.08, -6049.06, -6013.74, -6518.08, -5918.62, -6309.14, -5987.94, -6349.6, -6127.5, 
-6253.66, -6296.76, -6166.22, -6023.76, -6325.82, -5993.9, -6289.46, -6175.36, -6241.8, -6134.54, 
-6219.28, -6254.26, -6138.2, -6158.9, -6257.88, -6057.58, -6099.46, -6091.14, -6359.6, -6250.54, 
-6338.08, -6297.76, -6262.54, -6274.36, -6275.34, -5895.48, -6078.16, -6196.84, -6195.62, -6249.22, 
-6545.62, -6257.06, -6118.88, -6279.5, -6055.56, -5989.8, -6074.16, -6291.98, -6175.8, -6303.7, 
-6493.1, -6243.2, -6151.66, -6234.86, -6045.98, -5981.96, -6083.88, -6276.12, -6295.48, -6369.36, 
-6352.62, -6288.4, -6179.16, -6037.24, -6134.76, -6140.54, -6111.12, -6223.94, -6225.48, -6420.82, 
-6263.12, -6327.58, -6147.42, -6292.12, -6131.5, -5974.56, -6266.54, -6270.56, -6099.1, -6567.46, 
-6255, -6302.94, -6165.36, -6136.7, -6235.16, -6000.1, -6147.68, -6118.02, -6122.58, -6446.5, 
-6269.06, -6293.94, -6197.46, -6185.2, -6244.56, -5896.3, -6246.26, -6130.24, -6214.8, -6462.6, 
-6332.98, -6435.3, -6301.84, -6315.32, -6275.26, -5939.32, -6226.48, -6089.6, -6258.98, -6394.78, 
-6176.9, -6247.16, -6155.58, -6238.6, -6226.2, -5910.76, -6242.6, -6195.6, -6315.52, -6443.96, 
-6258.08, -6251.08, -6132.3, -6130.56, -6067.5, -6029.3, -6332.56, -6281.28, -6348.26, -6467.68, 
-6385.12, -6299.32, -6231.54, -6159.64, -6126.56, -5878.5, -6271.6, -6322.98, -6324.32, -6550.38, 
-6440.88, -6076.8, -6180.74, -6276.76, -6133.42, -5941.24, -6174.7, -6251.2, -6215.66, -6371.98, 
-6435.92, -6002.62, -6310.62, -6260.84, -5991.6, -5907.86, -6388.54, -6263.82, -6236.74, -6355.16, 
-6246.52, -6162.96, -6303.84, -6132.76, -6140.32, -5915.12, -6327.84, -6353.1, -6330.6, -6329.98, 
-6190.1, -6191.5, -6332.12, -6132.5, -6019.4, -5881.18, -6351.68, -6133.1, -6355.06, -6257.9, 
-6231.28, -6111.38, -6351.5, -6073.94, -5982.48, -5919.12, -6448.74, -6274.86, -6416.68, -6366.46, 
-6167.84, -6094.62, -6303.14, -6293.9, -5954.68, -6021.48, -6186.62, -6287.7, -6171.84, -6322.46, 
-6038.92, -6234.58, -6430.36, -6398.22, -6079, -6023.12, -6282.38, -6296.32, -6210.1, -6416.16, 
-6117.24, -6218.08, -6284.3, -6452.42, -6244.14, -6244.24, -6390.84, -6263.6, -6090.14, -6325.38, 
-6308.78, -6292.98, -6182.12, -6290.74, -6237.48, -6099, -6318.8, -6306.76, -6154.34, -6262.7, 
-6329.48, -6285.26, -6056.98, -6366.82, -6279.42, -6057.9, -6321.78, -6291.82, -6332.22, -6273.22, 
-6340.3, -6156.84, -6143.64, -6353.98, -6335.58, -6055.36, -6163.2, -6145.9, -6409.94, -6318.3, 
-6227.1, -6213.22, -6309.84, -6384.34, -6417.62, -6076.48, -6005.22, -6196.78, -6450.52, -6272.66, 
-6210.2, -6268.36, -6200.56, -6410.44, -6388.94, -6102.62, -6267.78, -6128.38, -6328.48, -6419.68, 
-6233.94, -6244.74, -6226.72, -6310.64, -6403.08, -6314.28, -6200.52, -6226.1, -6320.96, -6218.12, 
-6230.68, -6218.42, -6232.96, -6283.9, -6392.5, -6315.16, -6398.2, -6441.1, -6416.1, -6286, 
-6210.7, -6252.66, -6278.5, -6364.58, -6416.16, -6288.12, -6264.04, -6422.9, -6282.18, -6361.38, 
-6212.8, -6185.1, -6221.96, -6246.26, -6314.5, -6305.36, -6165.94, -6364.4, -6190.88, -6246.82, 
-6185.36, -6348.38, -6163.68, -6316.64, -6135.64, -6402.22, -6156.92, -6280.96, -6321.54, -6282.24, 
-6136, -6314.58, -6258.72, -6190.98, -6068.82, -6268.64, -6194.64, -6114.64, -6465.9, -6368.06, 
-6241.52, -6237.94, -6250.48, -6204.4, -6083.18, -6366.82, -6305.48, -6100.98, -6413.92, -6269.32, 
-6378.82, -6111.56, -6204.52, -6416.02, -6080.12, -6374.46, -6295.8, -6203.36, -6355.58, -6337.16, 
-6275.1, -6062.84, -6284.86, -6393.12, -6046.44, -6246.04, -6212.28, -6226.36, -6345.24, -6328.4, 
-6189.7, -6203.56, -6414.24, -6426.38, -6115.92, -6325.74, -6285.66, -6291.58, -6315.56, -6466.8, 
-6275.3, -6130.56, -6407.04, -6375.72, -6297.92, -6314.68, -6275.46, -6180.18, -6182.1, -6448.84, 
-6198.48, -6195.42, -6467.62, -6417.68, -6146.56, -6218, -6225.44, -6118.2, -6247.32, -6416.6, 
-6304.18, -6235.18, -6467.42, -6265.78, -6094.34, -6098.12, -6110.58, -6166.62, -6231.2, -6490.3, 
-6230.98, -6272.92, -6388.84, -6301.34, -6187.76, -6120.82, -6254.62, -6304.96, -6242.62, -6403.42, 
-6125.42, -6308.12, -6299.36, -6204.58, -6230.06, -6045.3, -6244.8, -6307.04, -6312.84, -6313.32, 
-6183.4, -6368.98, -6339.3, -6320.3, -6285.82, -6221.78, -6200.42, -6209.86, -6215.28, -6274.32, 
-6106.36, -6433.64, -6272.28, -6139.8, -6120.32, -6175.46, -6094.84, -6326.62, -6208.5, -6121.02, 
-6014.18, -6426.68, -6260.4, -6165.08, -6085.3, -6286.88, -6184.46, -6215.96, -6365.12, -6268.54, 
-5996.74, -6228.36, -6066.9, -6279.02, -6231.86, -6394.04, -6199.3, -6158.96, -6281.46, -6379.58, 
-6125.94, -6428.12, -5996.82, -6237.66, -6174.52, -6339.72, -6088.54, -6237.62, -6384.06, -6270.46, 
-6014.22, -6410.12, -5962.68, -6284.76, -6173.1, -6398.16, -6108.32, -6269.8, -6306.4, -6265.96, 
-6136.84, -6545.58, -6063.5, -6289.86, -6119.12, -6341.62, -6075.18, -6356.12, -6310.82, -6402.18, 
-6111.4, -6317.18, -6154.34, -6173.28, -6083.88, -6253.94, -6048.48, -6144.98, -6276.16, -6236.5, 
-6265.2, -6347.02, -6248.14, -6054.96, -6069.54, -6270.76, -6034.1, -6346.92, -6313.12, -6219.96, 
-6225.74, -6198.94, -6394.78, -6155.92, -6018.04, -6349.72, -5942.54, -6380.28, -6350.42, -6172.66, 
-6072, -6212.94, -6359.1, -6105.54, -5941.76, -6307.1, -5929.96, -6379.14, -6369.4, -6124.1, 
-6129.44, -6305.46, -6452.94, -6135.46, -6064.68, -6324.36, -5955.38, -6299.66, -6254.1, -6179.78, 
-6141.48, -6234, -6453.38, -6218.98, -6065.4, -6315.64, -5944, -6165.92, -6267.02, -6252.36, 
-6161.28, -6287.48, -6416.64, -6307.72, -6084.8, -6317.88, -6005.02, -6340.86, -6213.66, -6182.62, 
-6244.92, -6022.7, -6239.78, -6282.18, -6171.16, -6353.46, -6204.88, -6431.42, -6269.8, -6172.24, 
-6169.88, -6120.84, -6097.52, -6164.6, -6032.16, -6490.16, -6266.48, -6348.5, -6314.76, -6258.54, 
-6229.1, -6101.64, -6157.76, -6257.9, -6090.22, -6363.32, -6303.62, -6414.2, -6067.96, -6298.58, 
-6278.68, -6139.14, -6299.84, -6189.88, -6122.36, -6285.32, -6398.56, -6314.44, -6212.58, -6439.28, 
-6234.6, -6243.8, -6264.46, -6327.32, -6071.74, -6266.5, -6231.3, -6207.44, -6171.46, -6344.6, 
-6136.58, -6202.46, -6152.92, -6295.68, -6202.28, -6451.44, -6309.68, -6339.06, -6232.32, -6310.78, 
-6157.32, -6076.08, -6021.8, -6329.48, -6130.88, -6446.02, -6349.94, -6316.32, -6159.52, -6454.96, 
-6069.8, -6131.36, -6057.18, -6313.48, -6318.18, -6502.08, -6128.22, -6308.48, -6185.28, -6395.4, 
-6031.22, -6108.62, -6099.6, -6385.38, -6165.52, -6345.2, -6101.88, -6266.72, -6446.12, -6486.08, 
-5981.44, -6381.76, -6213.66, -6493.32, -6210.04, -6415.66, -6218.88, -6295.26, -6392.24, -6285.7, 
-6223.02, -6357.56, -6192.44, -6305.52, -6200.86, -6276.9, -6187.04, -6300.56, -6302.42, -6255.04, 
-6146.8, -6395.62, -6161.88, -6434.98, -6166.12, -6302.98, -6260.6, -6159.44, -6343.64, -6315.38, 
-6231.1, -6402.64, -6123.66, -6344.38, -6154.44, -6236.14, -6328.1, -6335.48, -6343.16, -6318.5, 
-6286.28, -6182.6, -6189.36, -6386.94, -6203.54, -6168.02, -6331.06, -6453.96, -6287.44, -6332.92, 
-6240.82, -6232.06, -6083.86, -6307.44, -6147.52, -6194.78, -6254.26, -6414.72, -6435.56, -6235.1, 
-6332.3, -6286.66, -6136.36, -6321.78, -6334.58, -6252.94, -6270.86, -6309.82, -6350.86, -6360.84, 
-6240.2, -6261.3, -6207.56, -6326.92, -6433.14, -6307.06, -6473.56, -6145.7, -6213.84, -6200.18, 
-6249.48, -6279.16, -6351.22, -6277.14, -6424.82, -6380.1, -6418.14, -6142.62, -6223.5, -6135.12, 
-6278.26, -6267.74, -6329.76, -6401.28, -6348.68, -6398.62, -6296.06, -6160.96, -6362.78, -6151.86, 
-6207.34, -6337.92, -6226.1, -6533.54, -6385.22, -6485.66, -6434.1, -6123.16, -6225.62, -6215.36, 
-6204.92, -6303.42, -6302.56, -6354.26, -6443.1, -6452.56, -6308.02, -6123.64, -6259.34, -6159.6, 
-6203.08, -6204.2, -6300.52, -6441.9, -6499.7, -6394.62, -6266.6, -6068.48, -6421.88, -6162.92, 
-6172.1, -6246, -6330.02, -6322.86, -6414.08, -6305.58, -6337.92, -6011.14, -6355.28, -6202.04, 
-6224.28, -6302.94, -6373.04, -6272.68, -6404.86, -6237.18, -6255, -6000.96, -6278.56, -6323.72, 
-6128.38, -6207.74, -6314.36, -6393.26, -6349.98, -6149.58, -6461.42, -6033.48, -6214.5, -6306.16, 
-6244.72, -6145.66, -6406.28, -6359.26, -6277.08, -6306.18, -6333.86, -6053.94, -6166.74, -6174.28, 
-6241.9, -6129.7, -6223.72, -6293.16, -6214.48, -6158.64, -6241.46, -6139, -6285.74, -6236.82, 
-6284.48, -6109.5, -6276.58, -6309.02, -6197.56, -6173.8, -6184.78, -6244.12, -6155.92, -6307.64, 
-6342.74, -6189.12, -6301.42, -6254.5, -6369.58, -6121.74, -6075.9, -6228.16, -6293.6, -6259.4, 
-6393.1, -6152.08, -6292.46, -6264.5, -6460.12, -6041.16, -6175.46, -6396.86, -6165.38, -6121.18, 
-6398.58, -6281.62, -6307.12, -6279.6, -6288.54, -6113.5, -6321.78, -6287, -6286.34, -6100.76, 
-6410.72, -6197.7, -6219.92, -6315.26, -6245.12, -6158.28, -6114.36, -6219.86, -6438.98, -5968.36, 
-6423.8, -6174.38, -6157.5, -6385.04, -6314.04, -6313.38, -6195.04, -6235.68, -6503.66, -6059.24, 
-6351.66, -6275.74, -6094.5, -6296.08, -6408.14, -6425.46, -6142.34, -6061.36, -6316.64, -6083.8, 
-6212.08, -6401.86, -6138.26, -6326.02, -6469.4, -6337.4, -6127.4, -6000.72, -6253.78, -6251.16, 
-6384.42, -6288.02, -6161.8, -6413.7, -6419.06, -6346.76, -6251.74, -6134.8, -6265.52, -6177, 
-6245.04, -6219.02, -6267.94, -6382.16, -6477.34, -6256.3, -6241.48, -6150.88, -6150.14, -6046.56, 
-6257.54, -6153.76, -6305.24, -6303.22, -6272.04, -6309.74, -6274.94, -6252.52, -6227.8, -6023.02, 
-6413.08, -6126.7, -6292, -6327.86, -6378.6, -6323.16, -6183.98, -6373.52, -6298.02, -6036.92, 
-6151.46, -6090.92, -6401.34, -6349.84, -6343.44, -6303.12, -6130.9, -6374.42, -6220.2, -6082.66, 
-6476.98, -6190.64, -6420.72, -6358.94, -6488.08, -6153.84, -6040.52, -6298.64, -6184.2, -6052.08, 
-6397.4, -6259.74, -6363.46, -6414.54, -6486.34, -6183.14, -6112.9, -6324.7, -6227.92, -6188.28, 
-6547.8, -6422.26, -6281, -6403.4, -6389.14, -6117.62, -6215.16, -6268.46, -6181.16, -6084.86, 
-6269.28, -6380.74, -6382.3, -6234.14, -6363, -6012.52, -6177.24, -6259.88, -6193.04, -5962.86, 
-6332.22, -6423.06, -6366.96, -6390.52, -6376.78, -6108.66, -6259.5, -6164.36, -6258.62, -5987.32, 
-6263.72, -6237.7, -6255.86, -6381.24, -6191.24, -6078.56, -6030.6, -6157.5, -6382.74, -6107.14, 
-6301.32, -6203.24, -6315.7, -6409.4, -6260.18, -6200.28, -6098.04, -6241.34, -6346.16, -6150.94, 
-6458.66, -6166, -6425.24, -6295.68, -6196, -6399.28, -6143.94, -6257.62, -6372.92, -5983.7, 
-6395.38, -6193.8, -6412.6, -6210.02, -6301.76, -6341.92, -6151.84, -6131.2, -6267.44, -6045.96, 
-6270.32, -6182.76, -6354, -6162.22, -6302.7, -6380.96, -6292.58, -6106.22, -6406.12, -6267.74, 
-6400.32, -6063.44, -6241.06, -6202.28, -6193.52, -6416.38, -6270.86, -6071.12, -6279.96, -6167.48, 
-6273.54, -6157.38, -6373.46, -6169.72, -6302.62, -6382.78, -6129.4, -6107.32, -6370.46, -6220.58, 
-6280.94, -6172.16, -6273.74, -6167.34, -6316.64, -6427.6, -6073.32, -6312.88, -6347.06, -6197.5, 
-6202.28, -6160.88, -6269.44, -6360.44, -6274.28, -6288.48, -6194.02, -6310.72, -6062.82, -6194.6, 
-6184.64, -6227.24, -6336.22, -6269.56, -6195.38, -6360.46, -6137.8, -6255.84, -6147.52, -6148.82, 
-6196.3, -6234.42, -6211.96, -6161.76, -6264.7, -6437.24, -6225.76, -6159.54, -6157.5, -6158.26, 
-6342.28, -6365.2, -6402.72, -6314.34, -6278.24, -6270.62, -6269.52, -6277.14, -6247.62, -6286.82, 
-6274.24, -6318.46, -6426.14, -6112.36, -6345.08, -6138.7, -6333.86, -6311.22, -6193.86, -6239.48, 
-6306.78, -6144.96, -6159, -6134.54, -6189.76, -6230.84, -6361.52, -6170.16, -6216.28, -6225.38, 
-6110.28, -6125.4, -6185.48, -6183.8, -6223.42, -6299.76, -6373.6, -6141.64, -6240.98, -6296.64, 
-6136.82, -6106.56, -5966.48, -5917.68, -6175.3, -6220.76, -6236.22, -6326.6, -6243.46, -6449.92, 
-6057.7, -6279.52, -6112.82, -6052.76, -6226, -6161.76, -6250.8, -6228.9, -6315.26, -6434.44, 
-5948.86, -6168.06, -6301.46, -6155.46, -6250.64, -6135.44, -6326.82, -6384.88, -6351, -6223.36, 
-6020.62, -6275.66, -6292.82, -6125.42, -6366.76, -6213.4, -6291.64, -6284.72, -6364.4, -6180.52, 
-6123.42, -6185.88, -6244.74, -6191.14, -6335.14, -6232.08, -6263.4, -6392.98, -6346.02, -6149.46, 
-5929.4, -6266.54, -6296.76, -6220.64, -6214.64, -6293.06, -5995.46, -6266.74, -6222, -6131.18, 
-6108.7, -6292.5, -6335.12, -6298.54, -6160.84, -6232.56, -6070.96, -6216.76, -6193.16, -6225.5, 
-6104.42, -6314.16, -6203.36, -6155.62, -6173.48, -6145.98, -5932.54, -6168.46, -6329.46, -6180.02, 
-6075.98, -6135.28, -6143.58, -6285.28, -6146.54, -6077.44, -6060.48, -6299.48, -6286.6, -6233.54, 
-6125.7, -6062.12, -6074.18, -6261.12, -6188.8, -6176.94, -6156.16, -6384.74, -6481.18, -6169.26, 
-6166.64, -6070.08, -6161.58, -6263.8, -6186.2, -6047.86, -6351.42, -6181.54, -6226.1, -6153.42, 
-6232.92, -6012.34, -6153.82, -6462.52, -6209.38, -5965.48, -6207.48, -6142.64, -6334.84, -6093.12, 
-6337.08, -6146.24, -6136.66, -6437.02, -6035.22, -5993.18, -6235.78, -6189.98, -6166.76, -6120.44, 
-6315.66, -6167.96, -6179.84, -6412.28, -6094.14, -5928.4, -6223.08, -6263.1, -6175.56, -6240.16, 
-6205.36, -6170.88, -6175.22, -6346.32, -6091.84, -5908.38, -6319.58, -6243.78, -6218.78, -6212.06, 
-6171.34, -6353.04, -6239.56, -6316.46, -5940.48, -5982.94, -6283.46, -6278.76, -6382.74, -6334.74, 
